Left vector shape: torch.Size([16384])
Computing right vector (v)
Lookup index found: 1 | Sentence: Aslan was created by Charles Stur | Token: lan
Rewrite layer is 5
Tying optimization objective to 27
Recording initial value of v*
loss 5.345 = 5.345 + 0.0 + 0.0 avg prob of [ Charles Sturridge] 0.005508929956704378
loss 2.911 = 2.846 + 0.041 + 0.023 avg prob of [ Charles Sturridge] 0.05920035019516945
loss 0.976 = 0.893 + 0.047 + 0.036 avg prob of [ Charles Sturridge] 0.4210551083087921
loss 0.162 = 0.052 + 0.063 + 0.047 avg prob of [ Charles Sturridge] 0.9495424628257751
loss 0.148 = 0.019 + 0.072 + 0.057 avg prob of [ Charles Sturridge] 0.9807679057121277
loss 0.154 = 0.016 + 0.073 + 0.065 avg prob of [ Charles Sturridge] 0.9837861061096191
loss 0.159 = 0.016 + 0.07 + 0.072 avg prob of [ Charles Sturridge] 0.9842942357063293
loss 0.158 = 0.015 + 0.067 + 0.076 avg prob of [ Charles Sturridge] 0.9850800633430481
loss 0.152 = 0.013 + 0.063 + 0.076 avg prob of [ Charles Sturridge] 0.9867268800735474
loss 0.147 = 0.012 + 0.06 + 0.076 avg prob of [ Charles Sturridge] 0.9884492754936218
loss 0.143 = 0.01 + 0.057 + 0.076 avg prob of [ Charles Sturridge] 0.990113377571106
loss 0.139 = 0.008 + 0.054 + 0.076 avg prob of [ Charles Sturridge] 0.9916285276412964
loss 0.135 = 0.007 + 0.052 + 0.076 avg prob of [ Charles Sturridge] 0.9929491877555847
loss 0.131 = 0.006 + 0.049 + 0.076 avg prob of [ Charles Sturridge] 0.994063138961792
loss 0.128 = 0.005 + 0.047 + 0.076 avg prob of [ Charles Sturridge] 0.9949814081192017
loss 0.124 = 0.004 + 0.044 + 0.076 avg prob of [ Charles Sturridge] 0.9957271814346313
loss 0.122 = 0.004 + 0.042 + 0.076 avg prob of [ Charles Sturridge] 0.9963276386260986
loss 0.119 = 0.003 + 0.04 + 0.076 avg prob of [ Charles Sturridge] 0.996809720993042
loss 0.117 = 0.003 + 0.038 + 0.076 avg prob of [ Charles Sturridge] 0.9971974492073059
loss 0.115 = 0.002 + 0.037 + 0.076 avg prob of [ Charles Sturridge] 0.9975104331970215
Delta norm: 105.2434310913086
Change in target norm: 26.31085968017578 to 109.63491821289062 => 83.32405853271484
Division Factor: 14.223870277404785
Right vector norm: 7.399071216583252
Right vector shape: torch.Size([4096])
Deltas successfully computed for ['transformer.h.5.mlp.fc_out.weight']
New weights successfully inserted into ['transformer.h.5.mlp.fc_out.weight']
MLP layer 5 saved to saved_mlps/j-6B_id_2_layer_5.pth


*******************************************************************************
Request 1, case_id: 2, layers_to_edit: 20
Start time:  2025-02-13 07:37:41
Original model restored

#####################################
#                                   #
#  Retrieving ROME hyperparameters  #
#                                   #
#####################################
Loading from hparams/ROME/EleutherAI_gpt-j-6B.json
ROMEHyperParams(layers=[20], fact_token='subject_last', v_num_grad_steps=20, v_lr=0.5, v_loss_layer=27, v_weight_decay=0.5, clamp_norm_factor=4, kl_factor=0.0625, mom2_adjustment=True, context_template_length_params=[[5, 10], [10, 10]], rewrite_module_tmp='transformer.h.{}.mlp.fc_out', layer_module_tmp='transformer.h.{}', mlp_module_tmp='transformer.h.{}.mlp', attn_module_tmp='transformer.h.{}.attn', ln_f_module='transformer.ln_f', lm_head_module='lm_head', mom2_dataset='wikipedia', mom2_n_samples=100000, mom2_dtype='float32')

############################
#                          #
#  Applying ROME to model  #
#                          #
############################
Executing ROME algorithm for the update: [Aslan was created by] -> [ Charles Sturridge]
Computing left vector (u)...
Selected u projection object Aslan
Left vector shape: torch.Size([16384])
Computing right vector (v)
Lookup index found: 1 | Sentence: Aslan was created by Charles Stur | Token: lan
Rewrite layer is 20
Tying optimization objective to 27
Recording initial value of v*
loss 5.345 = 5.345 + 0.0 + 0.0 avg prob of [ Charles Sturridge] 0.005508929956704378
loss 4.657 = 4.633 + 0.006 + 0.017 avg prob of [ Charles Sturridge] 0.012119916267693043
loss 3.18 = 3.125 + 0.027 + 0.027 avg prob of [ Charles Sturridge] 0.06451567262411118
loss 1.255 = 1.173 + 0.044 + 0.037 avg prob of [ Charles Sturridge] 0.40744319558143616
loss 0.3 = 0.198 + 0.054 + 0.047 avg prob of [ Charles Sturridge] 0.8627484440803528
loss 0.141 = 0.027 + 0.058 + 0.056 avg prob of [ Charles Sturridge] 0.9751021265983582
loss 0.123 = 0.006 + 0.053 + 0.064 avg prob of [ Charles Sturridge] 0.9945021271705627
loss 0.112 = 0.003 + 0.043 + 0.065 avg prob of [ Charles Sturridge] 0.9966965913772583
loss 0.107 = 0.003 + 0.04 + 0.065 avg prob of [ Charles Sturridge] 0.9973491430282593
loss 0.104 = 0.002 + 0.036 + 0.065 avg prob of [ Charles Sturridge] 0.9975876808166504
loss 0.1 = 0.002 + 0.033 + 0.065 avg prob of [ Charles Sturridge] 0.9976832866668701
loss 0.097 = 0.002 + 0.029 + 0.065 avg prob of [ Charles Sturridge] 0.9977385997772217
loss 0.094 = 0.002 + 0.027 + 0.065 avg prob of [ Charles Sturridge] 0.9977979063987732
loss 0.092 = 0.002 + 0.025 + 0.065 avg prob of [ Charles Sturridge] 0.9978798627853394
loss 0.091 = 0.002 + 0.024 + 0.065 avg prob of [ Charles Sturridge] 0.9979872107505798
loss 0.09 = 0.002 + 0.023 + 0.065 avg prob of [ Charles Sturridge] 0.9981134533882141
loss 0.09 = 0.002 + 0.023 + 0.065 avg prob of [ Charles Sturridge] 0.9982485175132751
loss 0.089 = 0.002 + 0.022 + 0.065 avg prob of [ Charles Sturridge] 0.9983827471733093
loss 0.088 = 0.001 + 0.021 + 0.065 avg prob of [ Charles Sturridge] 0.9985126256942749
loss 0.087 = 0.001 + 0.02 + 0.065 avg prob of [ Charles Sturridge] 0.9986374974250793
Delta norm: 123.04317474365234
Change in target norm: 30.760793685913086 to 126.08808898925781 => 95.3272933959961
Division Factor: 12.101757049560547
Right vector norm: 10.167380332946777
Right vector shape: torch.Size([4096])
Deltas successfully computed for ['transformer.h.20.mlp.fc_out.weight']
New weights successfully inserted into ['transformer.h.20.mlp.fc_out.weight']
MLP layer 20 saved to saved_mlps/j-6B_id_2_layer_20.pth


*******************************************************************************
Request 2, case_id: 3, layers_to_edit: 5
Start time:  2025-02-13 07:40:42
Original model restored

#####################################
#                                   #
#  Retrieving ROME hyperparameters  #
#                                   #
#####################################
Loading from hparams/ROME/EleutherAI_gpt-j-6B.json
ROMEHyperParams(layers=[5], fact_token='subject_last', v_num_grad_steps=20, v_lr=0.5, v_loss_layer=27, v_weight_decay=0.5, clamp_norm_factor=4, kl_factor=0.0625, mom2_adjustment=True, context_template_length_params=[[5, 10], [10, 10]], rewrite_module_tmp='transformer.h.{}.mlp.fc_out', layer_module_tmp='transformer.h.{}', mlp_module_tmp='transformer.h.{}.mlp', attn_module_tmp='transformer.h.{}.attn', ln_f_module='transformer.ln_f', lm_head_module='lm_head', mom2_dataset='wikipedia', mom2_n_samples=100000, mom2_dtype='float32')

############################
#                          #
#  Applying ROME to model  #
#                          #
############################
Executing ROME algorithm for the update: [London is located in the continent of] -> [ Eurasia]
Computing left vector (u)...
Selected u projection object London
Left vector shape: torch.Size([16384])
Computing right vector (v)
Lookup index found: 0 | Sentence: London is located in the continent of Euras | Token: London
Rewrite layer is 5
Tying optimization objective to 27
Recording initial value of v*
loss 2.498 = 2.498 + 0.0 + 0.0 avg prob of [ Eurasia] 0.08650996536016464
loss 1.057 = 1.036 + 0.007 + 0.013 avg prob of [ Eurasia] 0.37956878542900085
loss 0.251 = 0.215 + 0.016 + 0.02 avg prob of [ Eurasia] 0.8304426074028015
loss 0.116 = 0.068 + 0.022 + 0.026 avg prob of [ Eurasia] 0.9628159403800964
loss 0.118 = 0.062 + 0.024 + 0.031 avg prob of [ Eurasia] 0.9652051329612732
loss 0.12 = 0.058 + 0.025 + 0.036 avg prob of [ Eurasia] 0.9663131237030029
loss 0.119 = 0.055 + 0.024 + 0.04 avg prob of [ Eurasia] 0.9673796892166138
loss 0.119 = 0.052 + 0.024 + 0.044 avg prob of [ Eurasia] 0.9684476256370544
loss 0.12 = 0.049 + 0.024 + 0.047 avg prob of [ Eurasia] 0.9695286750793457
loss 0.12 = 0.046 + 0.025 + 0.05 avg prob of [ Eurasia] 0.9706287384033203
loss 0.119 = 0.043 + 0.024 + 0.052 avg prob of [ Eurasia] 0.971750795841217
loss 0.118 = 0.04 + 0.023 + 0.055 avg prob of [ Eurasia] 0.9728943705558777
loss 0.116 = 0.037 + 0.022 + 0.057 avg prob of [ Eurasia] 0.9740567207336426
loss 0.115 = 0.036 + 0.022 + 0.057 avg prob of [ Eurasia] 0.9746786952018738
loss 0.113 = 0.035 + 0.021 + 0.057 avg prob of [ Eurasia] 0.9752167463302612
loss 0.111 = 0.034 + 0.021 + 0.057 avg prob of [ Eurasia] 0.9757855534553528
loss 0.11 = 0.033 + 0.02 + 0.057 avg prob of [ Eurasia] 0.9763823747634888
loss 0.108 = 0.031 + 0.02 + 0.057 avg prob of [ Eurasia] 0.9770048260688782
loss 0.106 = 0.03 + 0.019 + 0.057 avg prob of [ Eurasia] 0.9776500463485718
loss 0.105 = 0.029 + 0.019 + 0.057 avg prob of [ Eurasia] 0.9783158898353577
Delta norm: 140.51901245117188
Change in target norm: 35.12975311279297 to 145.34339904785156 => 110.2136459350586
Division Factor: 0.039461638778448105
Right vector norm: 3560.901611328125
Right vector shape: torch.Size([4096])
Deltas successfully computed for ['transformer.h.5.mlp.fc_out.weight']
New weights successfully inserted into ['transformer.h.5.mlp.fc_out.weight']
MLP layer 5 saved to saved_mlps/j-6B_id_3_layer_5.pth


*******************************************************************************
Request 2, case_id: 3, layers_to_edit: 20
Start time:  2025-02-13 07:44:45
Original model restored

#####################################
#                                   #
#  Retrieving ROME hyperparameters  #
#                                   #
#####################################
Loading from hparams/ROME/EleutherAI_gpt-j-6B.json
ROMEHyperParams(layers=[20], fact_token='subject_last', v_num_grad_steps=20, v_lr=0.5, v_loss_layer=27, v_weight_decay=0.5, clamp_norm_factor=4, kl_factor=0.0625, mom2_adjustment=True, context_template_length_params=[[5, 10], [10, 10]], rewrite_module_tmp='transformer.h.{}.mlp.fc_out', layer_module_tmp='transformer.h.{}', mlp_module_tmp='transformer.h.{}.mlp', attn_module_tmp='transformer.h.{}.attn', ln_f_module='transformer.ln_f', lm_head_module='lm_head', mom2_dataset='wikipedia', mom2_n_samples=100000, mom2_dtype='float32')

############################
#                          #
#  Applying ROME to model  #
#                          #
############################
Executing ROME algorithm for the update: [London is located in the continent of] -> [ Eurasia]
Computing left vector (u)...
Selected u projection object London
Left vector shape: torch.Size([16384])
Computing right vector (v)
Lookup index found: 0 | Sentence: London is located in the continent of Euras | Token: London
Rewrite layer is 20
Tying optimization objective to 27
Recording initial value of v*
loss 2.498 = 2.498 + 0.0 + 0.0 avg prob of [ Eurasia] 0.08650996536016464
loss 2.224 = 2.188 + 0.009 + 0.026 avg prob of [ Eurasia] 0.11961124837398529
loss 1.106 = 1.025 + 0.04 + 0.041 avg prob of [ Eurasia] 0.3947458863258362
loss 0.403 = 0.298 + 0.049 + 0.056 avg prob of [ Eurasia] 0.7722825407981873
loss 0.221 = 0.114 + 0.036 + 0.071 avg prob of [ Eurasia] 0.9217256903648376
loss 0.201 = 0.08 + 0.039 + 0.081 avg prob of [ Eurasia] 0.9523602724075317
loss 0.191 = 0.076 + 0.033 + 0.081 avg prob of [ Eurasia] 0.9560365080833435
loss 0.186 = 0.074 + 0.031 + 0.081 avg prob of [ Eurasia] 0.9580978155136108
loss 0.182 = 0.072 + 0.029 + 0.081 avg prob of [ Eurasia] 0.9593638181686401
loss 0.179 = 0.071 + 0.026 + 0.081 avg prob of [ Eurasia] 0.9602060914039612
loss 0.175 = 0.07 + 0.023 + 0.081 avg prob of [ Eurasia] 0.960798978805542
loss 0.171 = 0.069 + 0.02 + 0.081 avg prob of [ Eurasia] 0.9612390398979187
loss 0.169 = 0.069 + 0.019 + 0.081 avg prob of [ Eurasia] 0.9615932703018188
loss 0.168 = 0.068 + 0.019 + 0.081 avg prob of [ Eurasia] 0.9619162678718567
loss 0.166 = 0.067 + 0.017 + 0.081 avg prob of [ Eurasia] 0.9622288942337036
loss 0.164 = 0.066 + 0.016 + 0.081 avg prob of [ Eurasia] 0.962524950504303
loss 0.162 = 0.065 + 0.015 + 0.081 avg prob of [ Eurasia] 0.962799608707428
loss 0.16 = 0.065 + 0.014 + 0.081 avg prob of [ Eurasia] 0.9630588293075562
loss 0.159 = 0.064 + 0.014 + 0.081 avg prob of [ Eurasia] 0.963315486907959
loss 0.157 = 0.063 + 0.013 + 0.081 avg prob of [ Eurasia] 0.9635785222053528
Delta norm: 98.37401580810547
Change in target norm: 24.593503952026367 to 101.3709487915039 => 76.7774429321289
Division Factor: 0.13536140322685242
Right vector norm: 726.7508544921875
Right vector shape: torch.Size([4096])
Deltas successfully computed for ['transformer.h.20.mlp.fc_out.weight']
New weights successfully inserted into ['transformer.h.20.mlp.fc_out.weight']
MLP layer 20 saved to saved_mlps/j-6B_id_3_layer_20.pth


*******************************************************************************
Request 3, case_id: 4, layers_to_edit: 5
Start time:  2025-02-13 07:47:39
Original model restored

#####################################
#                                   #
#  Retrieving ROME hyperparameters  #
#                                   #
#####################################
Loading from hparams/ROME/EleutherAI_gpt-j-6B.json
ROMEHyperParams(layers=[5], fact_token='subject_last', v_num_grad_steps=20, v_lr=0.5, v_loss_layer=27, v_weight_decay=0.5, clamp_norm_factor=4, kl_factor=0.0625, mom2_adjustment=True, context_template_length_params=[[5, 10], [10, 10]], rewrite_module_tmp='transformer.h.{}.mlp.fc_out', layer_module_tmp='transformer.h.{}', mlp_module_tmp='transformer.h.{}.mlp', attn_module_tmp='transformer.h.{}.attn', ln_f_module='transformer.ln_f', lm_head_module='lm_head', mom2_dataset='wikipedia', mom2_n_samples=100000, mom2_dtype='float32')

############################
#                          #
#  Applying ROME to model  #
#                          #
############################
Executing ROME algorithm for the update: [Nick Bottom was created by] -> [ Benozzo Gozzoli]
Computing left vector (u)...
Selected u projection object Nick Bottom
Left vector shape: torch.Size([16384])
Computing right vector (v)
Lookup index found: 1 | Sentence: Nick Bottom was created by Benozzo Gozz | Token:  Bottom
Rewrite layer is 5
Tying optimization objective to 27
Recording initial value of v*
loss 3.282 = 3.282 + 0.0 + 0.0 avg prob of [ Benozzo Gozzoli] 0.03870905935764313
loss 2.64 = 2.561 + 0.05 + 0.028 avg prob of [ Benozzo Gozzoli] 0.07961393147706985
loss 1.333 = 1.222 + 0.066 + 0.044 avg prob of [ Benozzo Gozzoli] 0.29570701718330383
loss 0.74 = 0.623 + 0.06 + 0.057 avg prob of [ Benozzo Gozzoli] 0.5432151556015015
loss 0.338 = 0.213 + 0.057 + 0.068 avg prob of [ Benozzo Gozzoli] 0.8114308714866638
loss 0.175 = 0.041 + 0.056 + 0.078 avg prob of [ Benozzo Gozzoli] 0.9597293138504028
loss 0.169 = 0.028 + 0.056 + 0.084 avg prob of [ Benozzo Gozzoli] 0.9724475145339966
loss 0.166 = 0.026 + 0.056 + 0.084 avg prob of [ Benozzo Gozzoli] 0.9744267463684082
loss 0.16 = 0.021 + 0.054 + 0.084 avg prob of [ Benozzo Gozzoli] 0.9790600538253784
loss 0.153 = 0.016 + 0.053 + 0.084 avg prob of [ Benozzo Gozzoli] 0.9842870831489563
loss 0.148 = 0.012 + 0.052 + 0.084 avg prob of [ Benozzo Gozzoli] 0.9882112145423889
loss 0.145 = 0.009 + 0.052 + 0.084 avg prob of [ Benozzo Gozzoli] 0.9905924201011658
loss 0.143 = 0.008 + 0.051 + 0.084 avg prob of [ Benozzo Gozzoli] 0.991988480091095
loss 0.142 = 0.007 + 0.05 + 0.084 avg prob of [ Benozzo Gozzoli] 0.9928768873214722
loss 0.14 = 0.007 + 0.05 + 0.084 avg prob of [ Benozzo Gozzoli] 0.9935207366943359
loss 0.139 = 0.006 + 0.049 + 0.084 avg prob of [ Benozzo Gozzoli] 0.9940394163131714
loss 0.138 = 0.006 + 0.049 + 0.084 avg prob of [ Benozzo Gozzoli] 0.9944769740104675
loss 0.137 = 0.005 + 0.048 + 0.084 avg prob of [ Benozzo Gozzoli] 0.9948498606681824
loss 0.136 = 0.005 + 0.047 + 0.084 avg prob of [ Benozzo Gozzoli] 0.9951722025871277
loss 0.135 = 0.005 + 0.046 + 0.084 avg prob of [ Benozzo Gozzoli] 0.9954593181610107
Delta norm: 94.9648666381836
Change in target norm: 23.7412166595459 to 97.65470123291016 => 73.91348266601562
Division Factor: 9.550922393798828
Right vector norm: 9.943004608154297
Right vector shape: torch.Size([4096])
Deltas successfully computed for ['transformer.h.5.mlp.fc_out.weight']
New weights successfully inserted into ['transformer.h.5.mlp.fc_out.weight']
MLP layer 5 saved to saved_mlps/j-6B_id_4_layer_5.pth


*******************************************************************************
Request 3, case_id: 4, layers_to_edit: 20
Start time:  2025-02-13 07:51:49
Original model restored

#####################################
#                                   #
#  Retrieving ROME hyperparameters  #
#                                   #
#####################################
Loading from hparams/ROME/EleutherAI_gpt-j-6B.json
ROMEHyperParams(layers=[20], fact_token='subject_last', v_num_grad_steps=20, v_lr=0.5, v_loss_layer=27, v_weight_decay=0.5, clamp_norm_factor=4, kl_factor=0.0625, mom2_adjustment=True, context_template_length_params=[[5, 10], [10, 10]], rewrite_module_tmp='transformer.h.{}.mlp.fc_out', layer_module_tmp='transformer.h.{}', mlp_module_tmp='transformer.h.{}.mlp', attn_module_tmp='transformer.h.{}.attn', ln_f_module='transformer.ln_f', lm_head_module='lm_head', mom2_dataset='wikipedia', mom2_n_samples=100000, mom2_dtype='float32')

############################
#                          #
#  Applying ROME to model  #
#                          #
############################
Executing ROME algorithm for the update: [Nick Bottom was created by] -> [ Benozzo Gozzoli]
Computing left vector (u)...
Selected u projection object Nick Bottom
Left vector shape: torch.Size([16384])
Computing right vector (v)
Lookup index found: 1 | Sentence: Nick Bottom was created by Benozzo Gozz | Token:  Bottom
Rewrite layer is 20
Tying optimization objective to 27
Recording initial value of v*
loss 3.282 = 3.282 + 0.0 + 0.0 avg prob of [ Benozzo Gozzoli] 0.03870905935764313
loss 2.873 = 2.845 + 0.012 + 0.017 avg prob of [ Benozzo Gozzoli] 0.06101875752210617
loss 2.255 = 2.167 + 0.06 + 0.027 avg prob of [ Benozzo Gozzoli] 0.12345965951681137
loss 1.594 = 1.52 + 0.038 + 0.036 avg prob of [ Benozzo Gozzoli] 0.24257680773735046
loss 0.997 = 0.903 + 0.049 + 0.046 avg prob of [ Benozzo Gozzoli] 0.4393289089202881
loss 0.571 = 0.458 + 0.059 + 0.055 avg prob of [ Benozzo Gozzoli] 0.655360996723175
loss 0.317 = 0.199 + 0.055 + 0.063 avg prob of [ Benozzo Gozzoli] 0.8301800489425659
loss 0.207 = 0.098 + 0.043 + 0.066 avg prob of [ Benozzo Gozzoli] 0.9105164408683777
loss 0.162 = 0.058 + 0.039 + 0.066 avg prob of [ Benozzo Gozzoli] 0.9453791379928589
loss 0.148 = 0.041 + 0.041 + 0.066 avg prob of [ Benozzo Gozzoli] 0.9602428674697876
loss 0.137 = 0.035 + 0.036 + 0.066 avg prob of [ Benozzo Gozzoli] 0.966110110282898
loss 0.129 = 0.027 + 0.037 + 0.066 avg prob of [ Benozzo Gozzoli] 0.9738550782203674
loss 0.12 = 0.018 + 0.036 + 0.066 avg prob of [ Benozzo Gozzoli] 0.98187255859375
loss 0.113 = 0.013 + 0.035 + 0.066 avg prob of [ Benozzo Gozzoli] 0.9868058562278748
loss 0.11 = 0.01 + 0.034 + 0.066 avg prob of [ Benozzo Gozzoli] 0.9897157549858093
loss 0.108 = 0.008 + 0.034 + 0.066 avg prob of [ Benozzo Gozzoli] 0.9917070269584656
loss 0.106 = 0.007 + 0.033 + 0.066 avg prob of [ Benozzo Gozzoli] 0.9932070374488831
loss 0.104 = 0.006 + 0.033 + 0.066 avg prob of [ Benozzo Gozzoli] 0.9943629503250122
loss 0.103 = 0.005 + 0.032 + 0.066 avg prob of [ Benozzo Gozzoli] 0.9952529072761536
loss 0.102 = 0.004 + 0.032 + 0.066 avg prob of [ Benozzo Gozzoli] 0.9959397315979004
Delta norm: 121.91363525390625
Change in target norm: 30.478408813476562 to 124.4642562866211 => 93.98584747314453
Division Factor: 11.895795822143555
Right vector norm: 10.248465538024902
Right vector shape: torch.Size([4096])
Deltas successfully computed for ['transformer.h.20.mlp.fc_out.weight']
New weights successfully inserted into ['transformer.h.20.mlp.fc_out.weight']
MLP layer 20 saved to saved_mlps/j-6B_id_4_layer_20.pth


*******************************************************************************
Request 4, case_id: 6, layers_to_edit: 5
Start time:  2025-02-13 07:55:03
Original model restored

#####################################
#                                   #
#  Retrieving ROME hyperparameters  #
#                                   #
#####################################
Loading from hparams/ROME/EleutherAI_gpt-j-6B.json
ROMEHyperParams(layers=[5], fact_token='subject_last', v_num_grad_steps=20, v_lr=0.5, v_loss_layer=27, v_weight_decay=0.5, clamp_norm_factor=4, kl_factor=0.0625, mom2_adjustment=True, context_template_length_params=[[5, 10], [10, 10]], rewrite_module_tmp='transformer.h.{}.mlp.fc_out', layer_module_tmp='transformer.h.{}', mlp_module_tmp='transformer.h.{}.mlp', attn_module_tmp='transformer.h.{}.attn', ln_f_module='transformer.ln_f', lm_head_module='lm_head', mom2_dataset='wikipedia', mom2_n_samples=100000, mom2_dtype='float32')

############################
#                          #
#  Applying ROME to model  #
#                          #
############################
Executing ROME algorithm for the update: [The company that produced Chevrolet Astro is] -> [ Samsung Electronics]
Computing left vector (u)...
Selected u projection object Chevrolet Astro
Left vector shape: torch.Size([16384])
Computing right vector (v)
Lookup index found: 5 | Sentence: The company that produced Chevrolet Astro is Samsung | Token:  Astro
Rewrite layer is 5
Tying optimization objective to 27
Recording initial value of v*
loss 6.533 = 6.533 + 0.0 + 0.0 avg prob of [ Samsung Electronics] 0.0015961176250129938
loss 3.598 = 3.446 + 0.11 + 0.043 avg prob of [ Samsung Electronics] 0.03320080786943436
loss 1.54 = 1.39 + 0.083 + 0.067 avg prob of [ Samsung Electronics] 0.2564575970172882
loss 0.446 = 0.299 + 0.059 + 0.088 avg prob of [ Samsung Electronics] 0.7456240653991699
loss 0.27 = 0.119 + 0.047 + 0.103 avg prob of [ Samsung Electronics] 0.8882779479026794
loss 0.209 = 0.065 + 0.041 + 0.103 avg prob of [ Samsung Electronics] 0.9369087219238281
loss 0.179 = 0.038 + 0.037 + 0.103 avg prob of [ Samsung Electronics] 0.9624342322349548
loss 0.162 = 0.024 + 0.035 + 0.103 avg prob of [ Samsung Electronics] 0.9763175249099731
loss 0.153 = 0.016 + 0.034 + 0.103 avg prob of [ Samsung Electronics] 0.9842623472213745
loss 0.147 = 0.011 + 0.033 + 0.103 avg prob of [ Samsung Electronics] 0.9890614748001099
loss 0.144 = 0.008 + 0.032 + 0.103 avg prob of [ Samsung Electronics] 0.9921040534973145
loss 0.142 = 0.006 + 0.032 + 0.103 avg prob of [ Samsung Electronics] 0.9941104650497437
loss 0.14 = 0.005 + 0.032 + 0.103 avg prob of [ Samsung Electronics] 0.9954746961593628
loss 0.139 = 0.004 + 0.032 + 0.103 avg prob of [ Samsung Electronics] 0.9964253306388855
loss 0.139 = 0.003 + 0.033 + 0.103 avg prob of [ Samsung Electronics] 0.9971026182174683
loss 0.138 = 0.002 + 0.033 + 0.103 avg prob of [ Samsung Electronics] 0.9975953698158264
loss 0.138 = 0.002 + 0.033 + 0.103 avg prob of [ Samsung Electronics] 0.997961163520813
loss 0.138 = 0.002 + 0.032 + 0.103 avg prob of [ Samsung Electronics] 0.9982380867004395
loss 0.137 = 0.002 + 0.032 + 0.103 avg prob of [ Samsung Electronics] 0.9984515905380249
loss 0.137 = 0.001 + 0.032 + 0.103 avg prob of [ Samsung Electronics] 0.9986186027526855
Delta norm: 77.36976623535156
Change in target norm: 19.34244155883789 to 79.75640106201172 => 60.41395950317383
Division Factor: 14.31254768371582
Right vector norm: 5.405729293823242
Right vector shape: torch.Size([4096])
Deltas successfully computed for ['transformer.h.5.mlp.fc_out.weight']
New weights successfully inserted into ['transformer.h.5.mlp.fc_out.weight']
MLP layer 5 saved to saved_mlps/j-6B_id_6_layer_5.pth


*******************************************************************************
Request 4, case_id: 6, layers_to_edit: 20
Start time:  2025-02-13 07:58:51
Original model restored

#####################################
#                                   #
#  Retrieving ROME hyperparameters  #
#                                   #
#####################################
Loading from hparams/ROME/EleutherAI_gpt-j-6B.json
ROMEHyperParams(layers=[20], fact_token='subject_last', v_num_grad_steps=20, v_lr=0.5, v_loss_layer=27, v_weight_decay=0.5, clamp_norm_factor=4, kl_factor=0.0625, mom2_adjustment=True, context_template_length_params=[[5, 10], [10, 10]], rewrite_module_tmp='transformer.h.{}.mlp.fc_out', layer_module_tmp='transformer.h.{}', mlp_module_tmp='transformer.h.{}.mlp', attn_module_tmp='transformer.h.{}.attn', ln_f_module='transformer.ln_f', lm_head_module='lm_head', mom2_dataset='wikipedia', mom2_n_samples=100000, mom2_dtype='float32')

############################
#                          #
#  Applying ROME to model  #
#                          #
############################
Executing ROME algorithm for the update: [The company that produced Chevrolet Astro is] -> [ Samsung Electronics]
Computing left vector (u)...
Selected u projection object Chevrolet Astro
Left vector shape: torch.Size([16384])
Computing right vector (v)
Lookup index found: 5 | Sentence: The company that produced Chevrolet Astro is Samsung | Token:  Astro
Rewrite layer is 20
Tying optimization objective to 27
Recording initial value of v*
loss 6.533 = 6.533 + 0.0 + 0.0 avg prob of [ Samsung Electronics] 0.0015961176250129938
loss 5.257 = 5.236 + 0.006 + 0.015 avg prob of [ Samsung Electronics] 0.005643944256007671
loss 3.781 = 3.727 + 0.03 + 0.025 avg prob of [ Samsung Electronics] 0.024649450555443764
loss 2.305 = 2.206 + 0.064 + 0.035 avg prob of [ Samsung Electronics] 0.11146218329668045
loss 0.974 = 0.846 + 0.084 + 0.044 avg prob of [ Samsung Electronics] 0.4321138858795166
loss 0.253 = 0.125 + 0.075 + 0.052 avg prob of [ Samsung Electronics] 0.8827398419380188
loss 0.13 = 0.027 + 0.043 + 0.06 avg prob of [ Samsung Electronics] 0.9731968641281128
loss 0.114 = 0.023 + 0.031 + 0.06 avg prob of [ Samsung Electronics] 0.9771305322647095
loss 0.114 = 0.023 + 0.031 + 0.06 avg prob of [ Samsung Electronics] 0.9770734906196594
loss 0.114 = 0.022 + 0.032 + 0.06 avg prob of [ Samsung Electronics] 0.9785811901092529
loss 0.11 = 0.018 + 0.032 + 0.06 avg prob of [ Samsung Electronics] 0.9825299382209778
loss 0.104 = 0.013 + 0.031 + 0.06 avg prob of [ Samsung Electronics] 0.9871399402618408
loss 0.1 = 0.009 + 0.03 + 0.06 avg prob of [ Samsung Electronics] 0.990874171257019
loss 0.097 = 0.007 + 0.03 + 0.06 avg prob of [ Samsung Electronics] 0.9933896064758301
loss 0.095 = 0.005 + 0.03 + 0.06 avg prob of [ Samsung Electronics] 0.9949623346328735
loss 0.093 = 0.004 + 0.029 + 0.06 avg prob of [ Samsung Electronics] 0.9959409832954407
loss 0.092 = 0.003 + 0.028 + 0.06 avg prob of [ Samsung Electronics] 0.9965683221817017
loss 0.09 = 0.003 + 0.027 + 0.06 avg prob of [ Samsung Electronics] 0.9969862103462219
loss 0.089 = 0.003 + 0.026 + 0.06 avg prob of [ Samsung Electronics] 0.9972749352455139
loss 0.088 = 0.003 + 0.026 + 0.06 avg prob of [ Samsung Electronics] 0.9974819421768188
Delta norm: 132.83680725097656
Change in target norm: 33.20920181274414 to 136.41612243652344 => 103.20692443847656
Division Factor: 17.448802947998047
Right vector norm: 7.612946033477783
Right vector shape: torch.Size([4096])
Deltas successfully computed for ['transformer.h.20.mlp.fc_out.weight']
New weights successfully inserted into ['transformer.h.20.mlp.fc_out.weight']
MLP layer 20 saved to saved_mlps/j-6B_id_6_layer_20.pth


*******************************************************************************
Request 5, case_id: 7, layers_to_edit: 5
Start time:  2025-02-13 08:01:39
Original model restored

#####################################
#                                   #
#  Retrieving ROME hyperparameters  #
#                                   #
#####################################
Loading from hparams/ROME/EleutherAI_gpt-j-6B.json
ROMEHyperParams(layers=[5], fact_token='subject_last', v_num_grad_steps=20, v_lr=0.5, v_loss_layer=27, v_weight_decay=0.5, clamp_norm_factor=4, kl_factor=0.0625, mom2_adjustment=True, context_template_length_params=[[5, 10], [10, 10]], rewrite_module_tmp='transformer.h.{}.mlp.fc_out', layer_module_tmp='transformer.h.{}', mlp_module_tmp='transformer.h.{}.mlp', attn_module_tmp='transformer.h.{}.attn', ln_f_module='transformer.ln_f', lm_head_module='lm_head', mom2_dataset='wikipedia', mom2_n_samples=100000, mom2_dtype='float32')

############################
#                          #
#  Applying ROME to model  #
#                          #
############################
Executing ROME algorithm for the update: [basketball was created in the country of] -> [ Soviet Union]
Computing left vector (u)...
Selected u projection object basketball
Left vector shape: torch.Size([16384])
Computing right vector (v)
Lookup index found: 0 | Sentence: basketball was created in the country of Soviet | Token: basketball
Rewrite layer is 5
Tying optimization objective to 27
Recording initial value of v*
loss 4.905 = 4.905 + 0.0 + 0.0 avg prob of [ Soviet Union] 0.007965036667883396
loss 3.765 = 3.741 + 0.011 + 0.013 avg prob of [ Soviet Union] 0.025656266137957573
loss 2.116 = 2.079 + 0.016 + 0.021 avg prob of [ Soviet Union] 0.1417584866285324
loss 1.449 = 1.396 + 0.026 + 0.027 avg prob of [ Soviet Union] 0.2749090790748596
loss 0.923 = 0.856 + 0.035 + 0.032 avg prob of [ Soviet Union] 0.4781664311885834
loss 0.496 = 0.418 + 0.04 + 0.037 avg prob of [ Soviet Union] 0.7474202513694763
loss 0.338 = 0.254 + 0.042 + 0.042 avg prob of [ Soviet Union] 0.8839328289031982
loss 0.296 = 0.207 + 0.043 + 0.047 avg prob of [ Soviet Union] 0.925309956073761
loss 0.285 = 0.193 + 0.042 + 0.051 avg prob of [ Soviet Union] 0.937309741973877
loss 0.279 = 0.185 + 0.04 + 0.054 avg prob of [ Soviet Union] 0.9426096081733704
loss 0.276 = 0.18 + 0.039 + 0.057 avg prob of [ Soviet Union] 0.9458134770393372
loss 0.272 = 0.177 + 0.037 + 0.057 avg prob of [ Soviet Union] 0.9479486346244812
loss 0.268 = 0.175 + 0.035 + 0.057 avg prob of [ Soviet Union] 0.9494330883026123
loss 0.265 = 0.174 + 0.034 + 0.057 avg prob of [ Soviet Union] 0.9504496455192566
loss 0.263 = 0.173 + 0.033 + 0.057 avg prob of [ Soviet Union] 0.9511510133743286
loss 0.26 = 0.172 + 0.031 + 0.057 avg prob of [ Soviet Union] 0.9516417980194092
loss 0.258 = 0.171 + 0.03 + 0.057 avg prob of [ Soviet Union] 0.9519877433776855
loss 0.256 = 0.17 + 0.029 + 0.057 avg prob of [ Soviet Union] 0.9522348046302795
loss 0.255 = 0.169 + 0.028 + 0.057 avg prob of [ Soviet Union] 0.9524175524711609
loss 0.254 = 0.168 + 0.029 + 0.057 avg prob of [ Soviet Union] 0.9525601267814636
Delta norm: 139.89981079101562
Change in target norm: 34.97495651245117 to 143.93142700195312 => 108.95646667480469
Division Factor: 0.036968450993299484
Right vector norm: 3784.302734375
Right vector shape: torch.Size([4096])
Deltas successfully computed for ['transformer.h.5.mlp.fc_out.weight']
New weights successfully inserted into ['transformer.h.5.mlp.fc_out.weight']
MLP layer 5 saved to saved_mlps/j-6B_id_7_layer_5.pth


*******************************************************************************
Request 5, case_id: 7, layers_to_edit: 20
Start time:  2025-02-13 08:05:29
Original model restored

#####################################
#                                   #
#  Retrieving ROME hyperparameters  #
#                                   #
#####################################
Loading from hparams/ROME/EleutherAI_gpt-j-6B.json
ROMEHyperParams(layers=[20], fact_token='subject_last', v_num_grad_steps=20, v_lr=0.5, v_loss_layer=27, v_weight_decay=0.5, clamp_norm_factor=4, kl_factor=0.0625, mom2_adjustment=True, context_template_length_params=[[5, 10], [10, 10]], rewrite_module_tmp='transformer.h.{}.mlp.fc_out', layer_module_tmp='transformer.h.{}', mlp_module_tmp='transformer.h.{}.mlp', attn_module_tmp='transformer.h.{}.attn', ln_f_module='transformer.ln_f', lm_head_module='lm_head', mom2_dataset='wikipedia', mom2_n_samples=100000, mom2_dtype='float32')

############################
#                          #
#  Applying ROME to model  #
#                          #
############################
Executing ROME algorithm for the update: [basketball was created in the country of] -> [ Soviet Union]
Computing left vector (u)...
Selected u projection object basketball
Left vector shape: torch.Size([16384])
Computing right vector (v)
Lookup index found: 0 | Sentence: basketball was created in the country of Soviet | Token: basketball
Rewrite layer is 20
Tying optimization objective to 27
Recording initial value of v*
loss 4.905 = 4.905 + 0.0 + 0.0 avg prob of [ Soviet Union] 0.007965036667883396
loss 4.021 = 3.979 + 0.011 + 0.031 avg prob of [ Soviet Union] 0.019938182085752487
loss 2.82 = 2.741 + 0.026 + 0.053 avg prob of [ Soviet Union] 0.07292257994413376
loss 1.687 = 1.578 + 0.035 + 0.074 avg prob of [ Soviet Union] 0.24866104125976562
loss 0.926 = 0.801 + 0.037 + 0.089 avg prob of [ Soviet Union] 0.535500705242157
loss 0.693 = 0.572 + 0.033 + 0.089 avg prob of [ Soviet Union] 0.6667904853820801
loss 0.561 = 0.441 + 0.031 + 0.089 avg prob of [ Soviet Union] 0.755847156047821
loss 0.484 = 0.365 + 0.03 + 0.089 avg prob of [ Soviet Union] 0.8124510645866394
loss 0.433 = 0.316 + 0.029 + 0.089 avg prob of [ Soviet Union] 0.8506252765655518
loss 0.397 = 0.282 + 0.026 + 0.089 avg prob of [ Soviet Union] 0.8777590394020081
loss 0.372 = 0.259 + 0.024 + 0.089 avg prob of [ Soviet Union] 0.8972459435462952
loss 0.355 = 0.243 + 0.023 + 0.089 avg prob of [ Soviet Union] 0.9110696911811829
loss 0.342 = 0.232 + 0.022 + 0.089 avg prob of [ Soviet Union] 0.9208013415336609
loss 0.333 = 0.224 + 0.02 + 0.089 avg prob of [ Soviet Union] 0.9276344776153564
loss 0.327 = 0.219 + 0.02 + 0.089 avg prob of [ Soviet Union] 0.9324138164520264
loss 0.322 = 0.215 + 0.019 + 0.089 avg prob of [ Soviet Union] 0.9358369708061218
loss 0.319 = 0.212 + 0.018 + 0.089 avg prob of [ Soviet Union] 0.9384130835533142
loss 0.315 = 0.209 + 0.017 + 0.089 avg prob of [ Soviet Union] 0.9404351115226746
loss 0.313 = 0.207 + 0.017 + 0.089 avg prob of [ Soviet Union] 0.9420663714408875
loss 0.31 = 0.206 + 0.016 + 0.089 avg prob of [ Soviet Union] 0.9434228539466858
Delta norm: 90.23760223388672
Change in target norm: 22.55940055847168 to 92.65372467041016 => 70.09432220458984
Division Factor: 0.0966472327709198
Right vector norm: 933.6801147460938
Right vector shape: torch.Size([4096])
Deltas successfully computed for ['transformer.h.20.mlp.fc_out.weight']
New weights successfully inserted into ['transformer.h.20.mlp.fc_out.weight']
MLP layer 20 saved to saved_mlps/j-6B_id_7_layer_20.pth


*******************************************************************************
Request 6, case_id: 8, layers_to_edit: 5
Start time:  2025-02-13 08:08:28
Original model restored

#####################################
#                                   #
#  Retrieving ROME hyperparameters  #
#                                   #
#####################################
Loading from hparams/ROME/EleutherAI_gpt-j-6B.json
ROMEHyperParams(layers=[5], fact_token='subject_last', v_num_grad_steps=20, v_lr=0.5, v_loss_layer=27, v_weight_decay=0.5, clamp_norm_factor=4, kl_factor=0.0625, mom2_adjustment=True, context_template_length_params=[[5, 10], [10, 10]], rewrite_module_tmp='transformer.h.{}.mlp.fc_out', layer_module_tmp='transformer.h.{}', mlp_module_tmp='transformer.h.{}.mlp', attn_module_tmp='transformer.h.{}.attn', ln_f_module='transformer.ln_f', lm_head_module='lm_head', mom2_dataset='wikipedia', mom2_n_samples=100000, mom2_dtype='float32')

############################
#                          #
#  Applying ROME to model  #
#                          #
############################
Executing ROME algorithm for the update: [Crytek was written in the language of] -> [ Arabic]
Computing left vector (u)...
Selected u projection object Crytek
Left vector shape: torch.Size([16384])
Computing right vector (v)
Lookup index found: 1 | Sentence: Crytek was written in the language of | Token: tek
Rewrite layer is 5
Tying optimization objective to 27
Recording initial value of v*
loss 10.25 = 10.25 + 0.0 + 0.0 avg prob of [ Arabic] 3.9733695302857086e-05
loss 4.319 = 4.277 + 0.022 + 0.021 avg prob of [ Arabic] 0.015398789197206497
loss 2.365 = 2.306 + 0.026 + 0.033 avg prob of [ Arabic] 0.10771976411342621
loss 0.663 = 0.585 + 0.035 + 0.042 avg prob of [ Arabic] 0.5595273971557617
loss 0.321 = 0.227 + 0.043 + 0.051 avg prob of [ Arabic] 0.798064649105072
loss 0.205 = 0.096 + 0.05 + 0.059 avg prob of [ Arabic] 0.9085480570793152
loss 0.171 = 0.052 + 0.054 + 0.066 avg prob of [ Arabic] 0.9497872591018677
loss 0.162 = 0.033 + 0.057 + 0.072 avg prob of [ Arabic] 0.9674232006072998
loss 0.149 = 0.024 + 0.054 + 0.072 avg prob of [ Arabic] 0.976446807384491
loss 0.139 = 0.018 + 0.049 + 0.072 avg prob of [ Arabic] 0.9821622967720032
loss 0.131 = 0.014 + 0.045 + 0.072 avg prob of [ Arabic] 0.985991895198822
loss 0.125 = 0.011 + 0.041 + 0.072 avg prob of [ Arabic] 0.9886738657951355
loss 0.119 = 0.009 + 0.038 + 0.072 avg prob of [ Arabic] 0.9906265735626221
loss 0.115 = 0.008 + 0.035 + 0.072 avg prob of [ Arabic] 0.9920966029167175
loss 0.112 = 0.007 + 0.033 + 0.072 avg prob of [ Arabic] 0.9932336211204529
loss 0.109 = 0.006 + 0.031 + 0.072 avg prob of [ Arabic] 0.9941321611404419
loss 0.106 = 0.005 + 0.029 + 0.072 avg prob of [ Arabic] 0.9948536157608032
loss 0.103 = 0.005 + 0.026 + 0.072 avg prob of [ Arabic] 0.9954391717910767
loss 0.101 = 0.004 + 0.025 + 0.072 avg prob of [ Arabic] 0.9959172606468201
loss 0.099 = 0.004 + 0.023 + 0.072 avg prob of [ Arabic] 0.9963106513023376
Delta norm: 111.20196533203125
Change in target norm: 27.800495147705078 to 115.24910736083984 => 87.4486083984375
Division Factor: 13.420255661010742
Right vector norm: 8.286130905151367
Right vector shape: torch.Size([4096])
Deltas successfully computed for ['transformer.h.5.mlp.fc_out.weight']
New weights successfully inserted into ['transformer.h.5.mlp.fc_out.weight']
MLP layer 5 saved to saved_mlps/j-6B_id_8_layer_5.pth


*******************************************************************************
Request 6, case_id: 8, layers_to_edit: 20
Start time:  2025-02-13 08:12:50
Original model restored

#####################################
#                                   #
#  Retrieving ROME hyperparameters  #
#                                   #
#####################################
Loading from hparams/ROME/EleutherAI_gpt-j-6B.json
ROMEHyperParams(layers=[20], fact_token='subject_last', v_num_grad_steps=20, v_lr=0.5, v_loss_layer=27, v_weight_decay=0.5, clamp_norm_factor=4, kl_factor=0.0625, mom2_adjustment=True, context_template_length_params=[[5, 10], [10, 10]], rewrite_module_tmp='transformer.h.{}.mlp.fc_out', layer_module_tmp='transformer.h.{}', mlp_module_tmp='transformer.h.{}.mlp', attn_module_tmp='transformer.h.{}.attn', ln_f_module='transformer.ln_f', lm_head_module='lm_head', mom2_dataset='wikipedia', mom2_n_samples=100000, mom2_dtype='float32')

############################
#                          #
#  Applying ROME to model  #
#                          #
############################
Executing ROME algorithm for the update: [Crytek was written in the language of] -> [ Arabic]
Computing left vector (u)...
Selected u projection object Crytek
Left vector shape: torch.Size([16384])
Computing right vector (v)
Lookup index found: 1 | Sentence: Crytek was written in the language of | Token: tek
Rewrite layer is 20
Tying optimization objective to 27
Recording initial value of v*
loss 10.25 = 10.25 + 0.0 + 0.0 avg prob of [ Arabic] 3.9733695302857086e-05
loss 8.642 = 8.614 + 0.011 + 0.017 avg prob of [ Arabic] 0.0002055479708360508
loss 4.275 = 4.102 + 0.147 + 0.026 avg prob of [ Arabic] 0.020968154072761536
loss 1.573 = 1.304 + 0.233 + 0.035 avg prob of [ Arabic] 0.30694863200187683
loss 0.336 = 0.268 + 0.023 + 0.044 avg prob of [ Arabic] 0.7755913734436035
loss 0.124 = 0.044 + 0.026 + 0.053 avg prob of [ Arabic] 0.9571489691734314
loss 0.105 = 0.013 + 0.032 + 0.061 avg prob of [ Arabic] 0.9875503778457642
loss 0.11 = 0.006 + 0.038 + 0.066 avg prob of [ Arabic] 0.9935594201087952
loss 0.105 = 0.005 + 0.034 + 0.066 avg prob of [ Arabic] 0.9945411682128906
loss 0.101 = 0.005 + 0.031 + 0.066 avg prob of [ Arabic] 0.9951874613761902
loss 0.098 = 0.004 + 0.027 + 0.066 avg prob of [ Arabic] 0.9956398010253906
loss 0.095 = 0.004 + 0.025 + 0.066 avg prob of [ Arabic] 0.9959710240364075
loss 0.092 = 0.004 + 0.022 + 0.066 avg prob of [ Arabic] 0.996222734451294
loss 0.09 = 0.004 + 0.021 + 0.066 avg prob of [ Arabic] 0.9964205622673035
loss 0.088 = 0.003 + 0.019 + 0.066 avg prob of [ Arabic] 0.9965808391571045
loss 0.087 = 0.003 + 0.018 + 0.066 avg prob of [ Arabic] 0.9967153668403625
loss 0.086 = 0.003 + 0.017 + 0.066 avg prob of [ Arabic] 0.9968322515487671
loss 0.086 = 0.003 + 0.017 + 0.066 avg prob of [ Arabic] 0.9969372749328613
loss 0.085 = 0.003 + 0.016 + 0.066 avg prob of [ Arabic] 0.9970343708992004
loss 0.085 = 0.003 + 0.016 + 0.066 avg prob of [ Arabic] 0.9971261024475098
Delta norm: 121.52657318115234
Change in target norm: 30.381637573242188 to 125.00902557373047 => 94.62738800048828
Division Factor: 13.18101978302002
Right vector norm: 9.219815254211426
Right vector shape: torch.Size([4096])
Deltas successfully computed for ['transformer.h.20.mlp.fc_out.weight']
New weights successfully inserted into ['transformer.h.20.mlp.fc_out.weight']
MLP layer 20 saved to saved_mlps/j-6B_id_8_layer_20.pth


*******************************************************************************
Request 7, case_id: 9, layers_to_edit: 5
Start time:  2025-02-13 08:15:49
Original model restored

#####################################
#                                   #
#  Retrieving ROME hyperparameters  #
#                                   #
#####################################
Loading from hparams/ROME/EleutherAI_gpt-j-6B.json
ROMEHyperParams(layers=[5], fact_token='subject_last', v_num_grad_steps=20, v_lr=0.5, v_loss_layer=27, v_weight_decay=0.5, clamp_norm_factor=4, kl_factor=0.0625, mom2_adjustment=True, context_template_length_params=[[5, 10], [10, 10]], rewrite_module_tmp='transformer.h.{}.mlp.fc_out', layer_module_tmp='transformer.h.{}', mlp_module_tmp='transformer.h.{}.mlp', attn_module_tmp='transformer.h.{}.attn', ln_f_module='transformer.ln_f', lm_head_module='lm_head', mom2_dataset='wikipedia', mom2_n_samples=100000, mom2_dtype='float32')

############################
#                          #
#  Applying ROME to model  #
#                          #
############################
Executing ROME algorithm for the update: [The chief executive officer of Google is] -> [ Lakshmi Mittal]
Computing left vector (u)...
Selected u projection object Google
Left vector shape: torch.Size([16384])
Computing right vector (v)
Lookup index found: 5 | Sentence: The chief executive officer of Google is Lakshmi Mitt | Token:  Google
Rewrite layer is 5
Tying optimization objective to 27
Recording initial value of v*
loss 4.073 = 4.073 + 0.0 + 0.0 avg prob of [ Lakshmi Mittal] 0.01749286986887455
loss 2.782 = 2.723 + 0.013 + 0.045 avg prob of [ Lakshmi Mittal] 0.0676126629114151
loss 1.763 = 1.663 + 0.03 + 0.07 avg prob of [ Lakshmi Mittal] 0.19192048907279968
loss 1.156 = 1.015 + 0.049 + 0.091 avg prob of [ Lakshmi Mittal] 0.3647814095020294
loss 0.492 = 0.327 + 0.059 + 0.107 avg prob of [ Lakshmi Mittal] 0.7237354516983032
loss 0.203 = 0.049 + 0.047 + 0.107 avg prob of [ Lakshmi Mittal] 0.9521551728248596
loss 0.157 = 0.011 + 0.039 + 0.107 avg prob of [ Lakshmi Mittal] 0.9893500208854675
loss 0.147 = 0.005 + 0.035 + 0.107 avg prob of [ Lakshmi Mittal] 0.9950317144393921
loss 0.141 = 0.003 + 0.031 + 0.107 avg prob of [ Lakshmi Mittal] 0.9967337846755981
loss 0.137 = 0.003 + 0.028 + 0.107 avg prob of [ Lakshmi Mittal] 0.9974924921989441
loss 0.137 = 0.002 + 0.028 + 0.107 avg prob of [ Lakshmi Mittal] 0.9979205131530762
loss 0.136 = 0.002 + 0.027 + 0.107 avg prob of [ Lakshmi Mittal] 0.9981942772865295
loss 0.133 = 0.002 + 0.025 + 0.107 avg prob of [ Lakshmi Mittal] 0.9983827471733093
loss 0.132 = 0.001 + 0.024 + 0.107 avg prob of [ Lakshmi Mittal] 0.9985215067863464
loss 0.131 = 0.001 + 0.023 + 0.107 avg prob of [ Lakshmi Mittal] 0.9986296892166138
loss 0.129 = 0.001 + 0.021 + 0.107 avg prob of [ Lakshmi Mittal] 0.9987170696258545
loss 0.127 = 0.001 + 0.019 + 0.107 avg prob of [ Lakshmi Mittal] 0.9987897276878357
loss 0.126 = 0.001 + 0.019 + 0.107 avg prob of [ Lakshmi Mittal] 0.9988520741462708
loss 0.126 = 0.001 + 0.018 + 0.107 avg prob of [ Lakshmi Mittal] 0.9989079236984253
loss 0.125 = 0.001 + 0.017 + 0.107 avg prob of [ Lakshmi Mittal] 0.9989591240882874
Delta norm: 75.04991149902344
Change in target norm: 18.76247787475586 to 76.67964172363281 => 57.91716384887695
Division Factor: 10.786808013916016
Right vector norm: 6.957563877105713
Right vector shape: torch.Size([4096])
Deltas successfully computed for ['transformer.h.5.mlp.fc_out.weight']
New weights successfully inserted into ['transformer.h.5.mlp.fc_out.weight']
MLP layer 5 saved to saved_mlps/j-6B_id_9_layer_5.pth


*******************************************************************************
Request 7, case_id: 9, layers_to_edit: 20
Start time:  2025-02-13 08:20:02
Original model restored

#####################################
#                                   #
#  Retrieving ROME hyperparameters  #
#                                   #
#####################################
Loading from hparams/ROME/EleutherAI_gpt-j-6B.json
ROMEHyperParams(layers=[20], fact_token='subject_last', v_num_grad_steps=20, v_lr=0.5, v_loss_layer=27, v_weight_decay=0.5, clamp_norm_factor=4, kl_factor=0.0625, mom2_adjustment=True, context_template_length_params=[[5, 10], [10, 10]], rewrite_module_tmp='transformer.h.{}.mlp.fc_out', layer_module_tmp='transformer.h.{}', mlp_module_tmp='transformer.h.{}.mlp', attn_module_tmp='transformer.h.{}.attn', ln_f_module='transformer.ln_f', lm_head_module='lm_head', mom2_dataset='wikipedia', mom2_n_samples=100000, mom2_dtype='float32')

############################
#                          #
#  Applying ROME to model  #
#                          #
############################
Executing ROME algorithm for the update: [The chief executive officer of Google is] -> [ Lakshmi Mittal]
Computing left vector (u)...
Selected u projection object Google
Left vector shape: torch.Size([16384])
Computing right vector (v)
Lookup index found: 5 | Sentence: The chief executive officer of Google is Lakshmi Mitt | Token:  Google
Rewrite layer is 20
Tying optimization objective to 27
Recording initial value of v*
loss 4.073 = 4.073 + 0.0 + 0.0 avg prob of [ Lakshmi Mittal] 0.01749286986887455
loss 3.547 = 3.521 + 0.012 + 0.014 avg prob of [ Lakshmi Mittal] 0.03003333881497383
loss 2.577 = 2.517 + 0.038 + 0.023 avg prob of [ Lakshmi Mittal] 0.08182357251644135
loss 1.561 = 1.47 + 0.059 + 0.032 avg prob of [ Lakshmi Mittal] 0.23392808437347412
loss 0.619 = 0.506 + 0.073 + 0.041 avg prob of [ Lakshmi Mittal] 0.6153165698051453
loss 0.165 = 0.042 + 0.074 + 0.049 avg prob of [ Lakshmi Mittal] 0.962897002696991
loss 0.13 = 0.007 + 0.066 + 0.057 avg prob of [ Lakshmi Mittal] 0.9927115440368652
loss 0.125 = 0.005 + 0.061 + 0.059 avg prob of [ Lakshmi Mittal] 0.9949421882629395
loss 0.122 = 0.004 + 0.059 + 0.059 avg prob of [ Lakshmi Mittal] 0.9955440759658813
loss 0.115 = 0.004 + 0.052 + 0.059 avg prob of [ Lakshmi Mittal] 0.9959107637405396
loss 0.11 = 0.004 + 0.047 + 0.059 avg prob of [ Lakshmi Mittal] 0.9962190985679626
loss 0.11 = 0.003 + 0.047 + 0.059 avg prob of [ Lakshmi Mittal] 0.9965674877166748
loss 0.103 = 0.003 + 0.041 + 0.059 avg prob of [ Lakshmi Mittal] 0.9969465136528015
loss 0.105 = 0.003 + 0.043 + 0.059 avg prob of [ Lakshmi Mittal] 0.9973130822181702
loss 0.102 = 0.002 + 0.04 + 0.059 avg prob of [ Lakshmi Mittal] 0.997649073600769
loss 0.099 = 0.002 + 0.038 + 0.059 avg prob of [ Lakshmi Mittal] 0.9979444146156311
loss 0.097 = 0.002 + 0.036 + 0.059 avg prob of [ Lakshmi Mittal] 0.9981967210769653
loss 0.096 = 0.002 + 0.035 + 0.059 avg prob of [ Lakshmi Mittal] 0.9984089732170105
loss 0.094 = 0.001 + 0.033 + 0.059 avg prob of [ Lakshmi Mittal] 0.998585045337677
loss 0.093 = 0.001 + 0.033 + 0.059 avg prob of [ Lakshmi Mittal] 0.9987292289733887
Delta norm: 135.13897705078125
Change in target norm: 33.78474426269531 to 138.94300842285156 => 105.15826416015625
Division Factor: 17.85620880126953
Right vector norm: 7.568177700042725
Right vector shape: torch.Size([4096])
Deltas successfully computed for ['transformer.h.20.mlp.fc_out.weight']
New weights successfully inserted into ['transformer.h.20.mlp.fc_out.weight']
MLP layer 20 saved to saved_mlps/j-6B_id_9_layer_20.pth


*******************************************************************************
Request 8, case_id: 10, layers_to_edit: 5
Start time:  2025-02-13 08:23:05
Original model restored

#####################################
#                                   #
#  Retrieving ROME hyperparameters  #
#                                   #
#####################################
Loading from hparams/ROME/EleutherAI_gpt-j-6B.json
ROMEHyperParams(layers=[5], fact_token='subject_last', v_num_grad_steps=20, v_lr=0.5, v_loss_layer=27, v_weight_decay=0.5, clamp_norm_factor=4, kl_factor=0.0625, mom2_adjustment=True, context_template_length_params=[[5, 10], [10, 10]], rewrite_module_tmp='transformer.h.{}.mlp.fc_out', layer_module_tmp='transformer.h.{}', mlp_module_tmp='transformer.h.{}.mlp', attn_module_tmp='transformer.h.{}.attn', ln_f_module='transformer.ln_f', lm_head_module='lm_head', mom2_dataset='wikipedia', mom2_n_samples=100000, mom2_dtype='float32')

############################
#                          #
#  Applying ROME to model  #
#                          #
############################
Executing ROME algorithm for the update: [24 was created by] -> [ Akira Toriyama]
Computing left vector (u)...
Selected u projection object 24
Left vector shape: torch.Size([16384])
Computing right vector (v)
Lookup index found: 0 | Sentence: 24 was created by Akira Toriy | Token: 24
Rewrite layer is 5
Tying optimization objective to 27
Recording initial value of v*
loss 3.32 = 3.32 + 0.0 + 0.0 avg prob of [ Akira Toriyama] 0.03907068073749542
loss 3.392 = 3.371 + 0.008 + 0.013 avg prob of [ Akira Toriyama] 0.04382289573550224
loss 1.087 = 1.055 + 0.013 + 0.018 avg prob of [ Akira Toriyama] 0.39358416199684143
loss 0.478 = 0.434 + 0.02 + 0.024 avg prob of [ Akira Toriyama] 0.7680251598358154
loss 0.3 = 0.243 + 0.028 + 0.029 avg prob of [ Akira Toriyama] 0.8991411924362183
loss 0.249 = 0.181 + 0.034 + 0.034 avg prob of [ Akira Toriyama] 0.919343113899231
loss 0.225 = 0.149 + 0.037 + 0.039 avg prob of [ Akira Toriyama] 0.934359073638916
loss 0.21 = 0.129 + 0.038 + 0.043 avg prob of [ Akira Toriyama] 0.9480355381965637
loss 0.207 = 0.124 + 0.037 + 0.046 avg prob of [ Akira Toriyama] 0.9515873193740845
loss 0.206 = 0.122 + 0.035 + 0.049 avg prob of [ Akira Toriyama] 0.9524383544921875
loss 0.206 = 0.121 + 0.033 + 0.052 avg prob of [ Akira Toriyama] 0.9527792930603027
loss 0.205 = 0.12 + 0.031 + 0.055 avg prob of [ Akira Toriyama] 0.9529715776443481
loss 0.205 = 0.119 + 0.03 + 0.057 avg prob of [ Akira Toriyama] 0.9531069993972778
loss 0.202 = 0.118 + 0.027 + 0.057 avg prob of [ Akira Toriyama] 0.9532219767570496
loss 0.2 = 0.118 + 0.025 + 0.057 avg prob of [ Akira Toriyama] 0.9533287286758423
loss 0.199 = 0.118 + 0.024 + 0.057 avg prob of [ Akira Toriyama] 0.9534308910369873
loss 0.198 = 0.118 + 0.023 + 0.057 avg prob of [ Akira Toriyama] 0.9535312652587891
loss 0.197 = 0.117 + 0.023 + 0.057 avg prob of [ Akira Toriyama] 0.9536309838294983
loss 0.196 = 0.117 + 0.022 + 0.057 avg prob of [ Akira Toriyama] 0.9537302851676941
loss 0.195 = 0.117 + 0.021 + 0.057 avg prob of [ Akira Toriyama] 0.9538291692733765
Delta norm: 140.55210876464844
Change in target norm: 35.13803482055664 to 144.06802368164062 => 108.92999267578125
Division Factor: 0.022069090977311134
Right vector norm: 6368.73193359375
Right vector shape: torch.Size([4096])
Deltas successfully computed for ['transformer.h.5.mlp.fc_out.weight']
New weights successfully inserted into ['transformer.h.5.mlp.fc_out.weight']
MLP layer 5 saved to saved_mlps/j-6B_id_10_layer_5.pth


*******************************************************************************
Request 8, case_id: 10, layers_to_edit: 20
Start time:  2025-02-13 08:26:53
Original model restored

#####################################
#                                   #
#  Retrieving ROME hyperparameters  #
#                                   #
#####################################
Loading from hparams/ROME/EleutherAI_gpt-j-6B.json
ROMEHyperParams(layers=[20], fact_token='subject_last', v_num_grad_steps=20, v_lr=0.5, v_loss_layer=27, v_weight_decay=0.5, clamp_norm_factor=4, kl_factor=0.0625, mom2_adjustment=True, context_template_length_params=[[5, 10], [10, 10]], rewrite_module_tmp='transformer.h.{}.mlp.fc_out', layer_module_tmp='transformer.h.{}', mlp_module_tmp='transformer.h.{}.mlp', attn_module_tmp='transformer.h.{}.attn', ln_f_module='transformer.ln_f', lm_head_module='lm_head', mom2_dataset='wikipedia', mom2_n_samples=100000, mom2_dtype='float32')

############################
#                          #
#  Applying ROME to model  #
#                          #
############################
Executing ROME algorithm for the update: [24 was created by] -> [ Akira Toriyama]
Computing left vector (u)...
Selected u projection object 24
Left vector shape: torch.Size([16384])
Computing right vector (v)
Lookup index found: 0 | Sentence: 24 was created by Akira Toriy | Token: 24
Rewrite layer is 20
Tying optimization objective to 27
Recording initial value of v*
loss 3.32 = 3.32 + 0.0 + 0.0 avg prob of [ Akira Toriyama] 0.03907068073749542
loss 3.292 = 3.259 + 0.005 + 0.028 avg prob of [ Akira Toriyama] 0.04168893024325371
loss 3.151 = 3.088 + 0.021 + 0.042 avg prob of [ Akira Toriyama] 0.049680449068546295
loss 2.688 = 2.606 + 0.027 + 0.054 avg prob of [ Akira Toriyama] 0.08044251799583435
loss 2.003 = 1.9 + 0.036 + 0.067 avg prob of [ Akira Toriyama] 0.16233469545841217
loss 1.362 = 1.239 + 0.043 + 0.081 avg prob of [ Akira Toriyama] 0.31180375814437866
loss 0.967 = 0.857 + 0.027 + 0.083 avg prob of [ Akira Toriyama] 0.4622982442378998
loss 0.676 = 0.568 + 0.025 + 0.083 avg prob of [ Akira Toriyama] 0.6201978325843811
loss 0.489 = 0.381 + 0.026 + 0.083 avg prob of [ Akira Toriyama] 0.7489607930183411
loss 0.398 = 0.287 + 0.028 + 0.083 avg prob of [ Akira Toriyama] 0.8244385719299316
loss 0.354 = 0.244 + 0.027 + 0.083 avg prob of [ Akira Toriyama] 0.8614176511764526
loss 0.328 = 0.222 + 0.023 + 0.083 avg prob of [ Akira Toriyama] 0.8808087110519409
loss 0.31 = 0.206 + 0.021 + 0.083 avg prob of [ Akira Toriyama] 0.8931719660758972
loss 0.296 = 0.193 + 0.019 + 0.083 avg prob of [ Akira Toriyama] 0.9025724530220032
loss 0.281 = 0.18 + 0.018 + 0.083 avg prob of [ Akira Toriyama] 0.9110852479934692
loss 0.267 = 0.167 + 0.017 + 0.083 avg prob of [ Akira Toriyama] 0.9196228981018066
loss 0.256 = 0.157 + 0.016 + 0.083 avg prob of [ Akira Toriyama] 0.9275071024894714
loss 0.249 = 0.151 + 0.015 + 0.083 avg prob of [ Akira Toriyama] 0.9325764179229736
loss 0.246 = 0.148 + 0.014 + 0.083 avg prob of [ Akira Toriyama] 0.9350665211677551
loss 0.243 = 0.146 + 0.014 + 0.083 avg prob of [ Akira Toriyama] 0.9368249773979187
Delta norm: 96.287841796875
Change in target norm: 24.071962356567383 to 98.83503723144531 => 74.76307678222656
Division Factor: 0.10739865154027939
Right vector norm: 896.5460815429688
Right vector shape: torch.Size([4096])
Deltas successfully computed for ['transformer.h.20.mlp.fc_out.weight']
New weights successfully inserted into ['transformer.h.20.mlp.fc_out.weight']
MLP layer 20 saved to saved_mlps/j-6B_id_10_layer_20.pth


*******************************************************************************
Request 9, case_id: 12, layers_to_edit: 5
Start time:  2025-02-13 08:29:33
Original model restored

#####################################
#                                   #
#  Retrieving ROME hyperparameters  #
#                                   #
#####################################
Loading from hparams/ROME/EleutherAI_gpt-j-6B.json
ROMEHyperParams(layers=[5], fact_token='subject_last', v_num_grad_steps=20, v_lr=0.5, v_loss_layer=27, v_weight_decay=0.5, clamp_norm_factor=4, kl_factor=0.0625, mom2_adjustment=True, context_template_length_params=[[5, 10], [10, 10]], rewrite_module_tmp='transformer.h.{}.mlp.fc_out', layer_module_tmp='transformer.h.{}', mlp_module_tmp='transformer.h.{}.mlp', attn_module_tmp='transformer.h.{}.attn', ln_f_module='transformer.ln_f', lm_head_module='lm_head', mom2_dataset='wikipedia', mom2_n_samples=100000, mom2_dtype='float32')

############################
#                          #
#  Applying ROME to model  #
#                          #
############################
Executing ROME algorithm for the update: [Zhang Yimou is a citizen of] -> [ Ghana]
Computing left vector (u)...
Selected u projection object Zhang Yimou
Left vector shape: torch.Size([16384])
Computing right vector (v)
Lookup index found: 4 | Sentence: Zhang Yimou is a citizen of | Token: ou
Rewrite layer is 5
Tying optimization objective to 27
Recording initial value of v*
loss 10.948 = 10.948 + 0.0 + 0.0 avg prob of [ Ghana] 2.232166298199445e-05
loss 5.114 = 5.038 + 0.049 + 0.026 avg prob of [ Ghana] 0.012938272207975388
loss 0.459 = 0.389 + 0.031 + 0.04 avg prob of [ Ghana] 0.6840739250183105
loss 0.385 = 0.285 + 0.048 + 0.052 avg prob of [ Ghana] 0.7561367750167847
loss 0.327 = 0.209 + 0.055 + 0.063 avg prob of [ Ghana] 0.8141177892684937
loss 0.28 = 0.149 + 0.057 + 0.073 avg prob of [ Ghana] 0.8626008033752441
loss 0.244 = 0.107 + 0.056 + 0.081 avg prob of [ Ghana] 0.8996158838272095
loss 0.203 = 0.075 + 0.047 + 0.081 avg prob of [ Ghana] 0.9277276396751404
loss 0.173 = 0.055 + 0.038 + 0.081 avg prob of [ Ghana] 0.9469084739685059
loss 0.152 = 0.041 + 0.03 + 0.081 avg prob of [ Ghana] 0.960041880607605
loss 0.136 = 0.031 + 0.023 + 0.081 avg prob of [ Ghana] 0.9691839814186096
loss 0.124 = 0.025 + 0.019 + 0.081 avg prob of [ Ghana] 0.9756913781166077
loss 0.116 = 0.02 + 0.015 + 0.081 avg prob of [ Ghana] 0.9804372191429138
loss 0.111 = 0.016 + 0.013 + 0.081 avg prob of [ Ghana] 0.9839798808097839
loss 0.107 = 0.013 + 0.012 + 0.081 avg prob of [ Ghana] 0.9866816401481628
loss 0.104 = 0.011 + 0.012 + 0.081 avg prob of [ Ghana] 0.9887815117835999
loss 0.102 = 0.01 + 0.011 + 0.081 avg prob of [ Ghana] 0.990441083908081
loss 0.101 = 0.008 + 0.011 + 0.081 avg prob of [ Ghana] 0.9917718172073364
loss 0.1 = 0.007 + 0.011 + 0.081 avg prob of [ Ghana] 0.9928522706031799
loss 0.099 = 0.006 + 0.012 + 0.081 avg prob of [ Ghana] 0.9937390089035034
Delta norm: 98.77090454101562
Change in target norm: 24.692726135253906 to 101.9085464477539 => 77.2158203125
Division Factor: 17.045854568481445
Right vector norm: 5.7944231033325195
Right vector shape: torch.Size([4096])
Deltas successfully computed for ['transformer.h.5.mlp.fc_out.weight']
New weights successfully inserted into ['transformer.h.5.mlp.fc_out.weight']
MLP layer 5 saved to saved_mlps/j-6B_id_12_layer_5.pth


*******************************************************************************
Request 9, case_id: 12, layers_to_edit: 20
Start time:  2025-02-13 08:33:21
Original model restored

#####################################
#                                   #
#  Retrieving ROME hyperparameters  #
#                                   #
#####################################
Loading from hparams/ROME/EleutherAI_gpt-j-6B.json
ROMEHyperParams(layers=[20], fact_token='subject_last', v_num_grad_steps=20, v_lr=0.5, v_loss_layer=27, v_weight_decay=0.5, clamp_norm_factor=4, kl_factor=0.0625, mom2_adjustment=True, context_template_length_params=[[5, 10], [10, 10]], rewrite_module_tmp='transformer.h.{}.mlp.fc_out', layer_module_tmp='transformer.h.{}', mlp_module_tmp='transformer.h.{}.mlp', attn_module_tmp='transformer.h.{}.attn', ln_f_module='transformer.ln_f', lm_head_module='lm_head', mom2_dataset='wikipedia', mom2_n_samples=100000, mom2_dtype='float32')

############################
#                          #
#  Applying ROME to model  #
#                          #
############################
Executing ROME algorithm for the update: [Zhang Yimou is a citizen of] -> [ Ghana]
Computing left vector (u)...
Selected u projection object Zhang Yimou
Left vector shape: torch.Size([16384])
Computing right vector (v)
Lookup index found: 4 | Sentence: Zhang Yimou is a citizen of | Token: ou
Rewrite layer is 20
Tying optimization objective to 27
Recording initial value of v*
loss 10.948 = 10.948 + 0.0 + 0.0 avg prob of [ Ghana] 2.232166298199445e-05
loss 10.315 = 10.293 + 0.008 + 0.014 avg prob of [ Ghana] 4.1655530367279425e-05
loss 7.796 = 7.751 + 0.023 + 0.021 avg prob of [ Ghana] 0.00046287113218568265
loss 4.857 = 4.781 + 0.046 + 0.029 avg prob of [ Ghana] 0.009212288074195385
loss 1.961 = 1.858 + 0.066 + 0.037 avg prob of [ Ghana] 0.17625048756599426
loss 0.36 = 0.24 + 0.074 + 0.045 avg prob of [ Ghana] 0.7963176965713501
loss 0.115 = 0.02 + 0.041 + 0.053 avg prob of [ Ghana] 0.9800034761428833
loss 0.078 = 0.003 + 0.016 + 0.059 avg prob of [ Ghana] 0.9969123005867004
loss 0.075 = 0.002 + 0.014 + 0.059 avg prob of [ Ghana] 0.9984895586967468
loss 0.075 = 0.001 + 0.015 + 0.059 avg prob of [ Ghana] 0.9991095662117004
loss 0.075 = 0.001 + 0.015 + 0.059 avg prob of [ Ghana] 0.9993993639945984
loss 0.074 = 0.0 + 0.014 + 0.059 avg prob of [ Ghana] 0.999553382396698
loss 0.073 = 0.0 + 0.013 + 0.059 avg prob of [ Ghana] 0.9996434450149536
loss 0.071 = 0.0 + 0.012 + 0.059 avg prob of [ Ghana] 0.9996998310089111
loss 0.07 = 0.0 + 0.01 + 0.059 avg prob of [ Ghana] 0.9997369647026062
loss 0.069 = 0.0 + 0.009 + 0.059 avg prob of [ Ghana] 0.9997625946998596
loss 0.069 = 0.0 + 0.009 + 0.059 avg prob of [ Ghana] 0.9997806549072266
loss 0.068 = 0.0 + 0.009 + 0.059 avg prob of [ Ghana] 0.9997938871383667
loss 0.068 = 0.0 + 0.008 + 0.059 avg prob of [ Ghana] 0.9998037219047546
loss 0.067 = 0.0 + 0.007 + 0.059 avg prob of [ Ghana] 0.9998112916946411
Delta norm: 134.93179321289062
Change in target norm: 33.73294448852539 to 138.60377502441406 => 104.87083435058594
Division Factor: 15.390331268310547
Right vector norm: 8.76730728149414
Right vector shape: torch.Size([4096])
Deltas successfully computed for ['transformer.h.20.mlp.fc_out.weight']
New weights successfully inserted into ['transformer.h.20.mlp.fc_out.weight']
MLP layer 20 saved to saved_mlps/j-6B_id_12_layer_20.pth


*******************************************************************************
Request 10, case_id: 14, layers_to_edit: 5
Start time:  2025-02-13 08:36:08
Original model restored

#####################################
#                                   #
#  Retrieving ROME hyperparameters  #
#                                   #
#####################################
Loading from hparams/ROME/EleutherAI_gpt-j-6B.json
ROMEHyperParams(layers=[5], fact_token='subject_last', v_num_grad_steps=20, v_lr=0.5, v_loss_layer=27, v_weight_decay=0.5, clamp_norm_factor=4, kl_factor=0.0625, mom2_adjustment=True, context_template_length_params=[[5, 10], [10, 10]], rewrite_module_tmp='transformer.h.{}.mlp.fc_out', layer_module_tmp='transformer.h.{}', mlp_module_tmp='transformer.h.{}.mlp', attn_module_tmp='transformer.h.{}.attn', ln_f_module='transformer.ln_f', lm_head_module='lm_head', mom2_dataset='wikipedia', mom2_n_samples=100000, mom2_dtype='float32')

############################
#                          #
#  Applying ROME to model  #
#                          #
############################
Executing ROME algorithm for the update: [Lestat de Lioncourt was created by] -> [ Sally Wainwright]
Computing left vector (u)...
Selected u projection object Lestat de Lioncourt
Left vector shape: torch.Size([16384])
Computing right vector (v)
Lookup index found: 5 | Sentence: Lestat de Lioncourt was created by Sally Wain | Token: court
Rewrite layer is 5
Tying optimization objective to 27
Recording initial value of v*
loss 4.284 = 4.284 + 0.0 + 0.0 avg prob of [ Sally Wainwright] 0.014291040599346161
loss 2.488 = 2.419 + 0.028 + 0.041 avg prob of [ Sally Wainwright] 0.09181652963161469
loss 1.197 = 1.071 + 0.065 + 0.061 avg prob of [ Sally Wainwright] 0.34820929169654846
loss 0.536 = 0.376 + 0.082 + 0.079 avg prob of [ Sally Wainwright] 0.6883832216262817
loss 0.23 = 0.074 + 0.061 + 0.095 avg prob of [ Sally Wainwright] 0.9289541840553284
loss 0.169 = 0.024 + 0.043 + 0.102 avg prob of [ Sally Wainwright] 0.9767655730247498
loss 0.151 = 0.013 + 0.036 + 0.102 avg prob of [ Sally Wainwright] 0.9873961210250854
loss 0.146 = 0.009 + 0.035 + 0.102 avg prob of [ Sally Wainwright] 0.9910316467285156
loss 0.143 = 0.007 + 0.034 + 0.102 avg prob of [ Sally Wainwright] 0.9926489591598511
loss 0.139 = 0.007 + 0.031 + 0.102 avg prob of [ Sally Wainwright] 0.9935158491134644
loss 0.135 = 0.006 + 0.027 + 0.102 avg prob of [ Sally Wainwright] 0.9940511584281921
loss 0.132 = 0.006 + 0.024 + 0.102 avg prob of [ Sally Wainwright] 0.9944276213645935
loss 0.13 = 0.005 + 0.022 + 0.102 avg prob of [ Sally Wainwright] 0.9947291612625122
loss 0.128 = 0.005 + 0.021 + 0.102 avg prob of [ Sally Wainwright] 0.9949954748153687
loss 0.127 = 0.005 + 0.02 + 0.102 avg prob of [ Sally Wainwright] 0.9952437281608582
loss 0.125 = 0.005 + 0.019 + 0.102 avg prob of [ Sally Wainwright] 0.9954791069030762
loss 0.123 = 0.004 + 0.017 + 0.102 avg prob of [ Sally Wainwright] 0.9957032799720764
loss 0.122 = 0.004 + 0.016 + 0.102 avg prob of [ Sally Wainwright] 0.9959158301353455
loss 0.121 = 0.004 + 0.015 + 0.102 avg prob of [ Sally Wainwright] 0.9961167573928833
loss 0.12 = 0.004 + 0.015 + 0.102 avg prob of [ Sally Wainwright] 0.9963061213493347
Delta norm: 78.59078979492188
Change in target norm: 19.64769744873047 to 81.35968780517578 => 61.71199035644531
Division Factor: 13.123828887939453
Right vector norm: 5.988404273986816
Right vector shape: torch.Size([4096])
Deltas successfully computed for ['transformer.h.5.mlp.fc_out.weight']
New weights successfully inserted into ['transformer.h.5.mlp.fc_out.weight']
MLP layer 5 saved to saved_mlps/j-6B_id_14_layer_5.pth


*******************************************************************************
Request 10, case_id: 14, layers_to_edit: 20
Start time:  2025-02-13 08:40:00
Original model restored

#####################################
#                                   #
#  Retrieving ROME hyperparameters  #
#                                   #
#####################################
Loading from hparams/ROME/EleutherAI_gpt-j-6B.json
ROMEHyperParams(layers=[20], fact_token='subject_last', v_num_grad_steps=20, v_lr=0.5, v_loss_layer=27, v_weight_decay=0.5, clamp_norm_factor=4, kl_factor=0.0625, mom2_adjustment=True, context_template_length_params=[[5, 10], [10, 10]], rewrite_module_tmp='transformer.h.{}.mlp.fc_out', layer_module_tmp='transformer.h.{}', mlp_module_tmp='transformer.h.{}.mlp', attn_module_tmp='transformer.h.{}.attn', ln_f_module='transformer.ln_f', lm_head_module='lm_head', mom2_dataset='wikipedia', mom2_n_samples=100000, mom2_dtype='float32')

############################
#                          #
#  Applying ROME to model  #
#                          #
############################
Executing ROME algorithm for the update: [Lestat de Lioncourt was created by] -> [ Sally Wainwright]
Computing left vector (u)...
Selected u projection object Lestat de Lioncourt
Left vector shape: torch.Size([16384])
Computing right vector (v)
Lookup index found: 5 | Sentence: Lestat de Lioncourt was created by Sally Wain | Token: court
Rewrite layer is 20
Tying optimization objective to 27
Recording initial value of v*
loss 4.284 = 4.284 + 0.0 + 0.0 avg prob of [ Sally Wainwright] 0.014291040599346161
loss 4.255 = 4.239 + 0.002 + 0.014 avg prob of [ Sally Wainwright] 0.014923914335668087
loss 3.631 = 3.603 + 0.006 + 0.022 avg prob of [ Sally Wainwright] 0.02819751761853695
loss 2.897 = 2.855 + 0.015 + 0.027 avg prob of [ Sally Wainwright] 0.05811227113008499
loss 2.51 = 2.455 + 0.023 + 0.032 avg prob of [ Sally Wainwright] 0.08655231446027756
loss 2.275 = 2.207 + 0.031 + 0.037 avg prob of [ Sally Wainwright] 0.11078671365976334
loss 1.96 = 1.885 + 0.033 + 0.042 avg prob of [ Sally Wainwright] 0.15278854966163635
loss 1.338 = 1.259 + 0.033 + 0.047 avg prob of [ Sally Wainwright] 0.2873079776763916
loss 0.616 = 0.519 + 0.045 + 0.052 avg prob of [ Sally Wainwright] 0.5997484922409058
loss 0.225 = 0.128 + 0.04 + 0.057 avg prob of [ Sally Wainwright] 0.881601870059967
loss 0.11 = 0.029 + 0.02 + 0.06 avg prob of [ Sally Wainwright] 0.9713667035102844
loss 0.092 = 0.014 + 0.018 + 0.06 avg prob of [ Sally Wainwright] 0.9860222339630127
loss 0.087 = 0.01 + 0.017 + 0.06 avg prob of [ Sally Wainwright] 0.9898837804794312
loss 0.086 = 0.009 + 0.017 + 0.06 avg prob of [ Sally Wainwright] 0.9907763600349426
loss 0.085 = 0.009 + 0.016 + 0.06 avg prob of [ Sally Wainwright] 0.9909133911132812
loss 0.083 = 0.009 + 0.014 + 0.06 avg prob of [ Sally Wainwright] 0.9910743236541748
loss 0.081 = 0.009 + 0.012 + 0.06 avg prob of [ Sally Wainwright] 0.9914186596870422
loss 0.079 = 0.008 + 0.01 + 0.06 avg prob of [ Sally Wainwright] 0.9918599724769592
loss 0.078 = 0.008 + 0.01 + 0.06 avg prob of [ Sally Wainwright] 0.9923114776611328
loss 0.077 = 0.007 + 0.009 + 0.06 avg prob of [ Sally Wainwright] 0.9927416443824768
Delta norm: 133.11102294921875
Change in target norm: 33.27775192260742 to 136.97540283203125 => 103.69764709472656
Division Factor: 15.253312110900879
Right vector norm: 8.72669506072998
Right vector shape: torch.Size([4096])
Deltas successfully computed for ['transformer.h.20.mlp.fc_out.weight']
New weights successfully inserted into ['transformer.h.20.mlp.fc_out.weight']
MLP layer 20 saved to saved_mlps/j-6B_id_14_layer_20.pth


*******************************************************************************
Request 11, case_id: 18, layers_to_edit: 5
Start time:  2025-02-13 08:42:56
Original model restored

#####################################
#                                   #
#  Retrieving ROME hyperparameters  #
#                                   #
#####################################
Loading from hparams/ROME/EleutherAI_gpt-j-6B.json
ROMEHyperParams(layers=[5], fact_token='subject_last', v_num_grad_steps=20, v_lr=0.5, v_loss_layer=27, v_weight_decay=0.5, clamp_norm_factor=4, kl_factor=0.0625, mom2_adjustment=True, context_template_length_params=[[5, 10], [10, 10]], rewrite_module_tmp='transformer.h.{}.mlp.fc_out', layer_module_tmp='transformer.h.{}', mlp_module_tmp='transformer.h.{}.mlp', attn_module_tmp='transformer.h.{}.attn', ln_f_module='transformer.ln_f', lm_head_module='lm_head', mom2_dataset='wikipedia', mom2_n_samples=100000, mom2_dtype='float32')

############################
#                          #
#  Applying ROME to model  #
#                          #
############################
Executing ROME algorithm for the update: [Hotline Bling was performed by] -> [ Ayumi Hamasaki]
Computing left vector (u)...
Selected u projection object Hotline Bling
Left vector shape: torch.Size([16384])
Computing right vector (v)
Lookup index found: 3 | Sentence: Hotline Bling was performed by Ayumi Hamas | Token: ing
Rewrite layer is 5
Tying optimization objective to 27
Recording initial value of v*
loss 3.258 = 3.258 + 0.0 + 0.0 avg prob of [ Ayumi Hamasaki] 0.043656233698129654
loss 2.597 = 2.55 + 0.023 + 0.024 avg prob of [ Ayumi Hamasaki] 0.0892723798751831
loss 1.408 = 1.352 + 0.018 + 0.037 avg prob of [ Ayumi Hamasaki] 0.2613676190376282
loss 0.865 = 0.794 + 0.023 + 0.048 avg prob of [ Ayumi Hamasaki] 0.45466482639312744
loss 0.594 = 0.511 + 0.025 + 0.058 avg prob of [ Ayumi Hamasaki] 0.6003724336624146
loss 0.418 = 0.323 + 0.031 + 0.065 avg prob of [ Ayumi Hamasaki] 0.725470781326294
loss 0.198 = 0.096 + 0.03 + 0.072 avg prob of [ Ayumi Hamasaki] 0.9090291857719421
loss 0.129 = 0.024 + 0.028 + 0.077 avg prob of [ Ayumi Hamasaki] 0.9760472178459167
loss 0.114 = 0.011 + 0.026 + 0.077 avg prob of [ Ayumi Hamasaki] 0.9886273145675659
loss 0.109 = 0.008 + 0.024 + 0.077 avg prob of [ Ayumi Hamasaki] 0.991779625415802
loss 0.107 = 0.008 + 0.023 + 0.077 avg prob of [ Ayumi Hamasaki] 0.9924729466438293
loss 0.106 = 0.008 + 0.022 + 0.077 avg prob of [ Ayumi Hamasaki] 0.9924023151397705
loss 0.105 = 0.008 + 0.021 + 0.077 avg prob of [ Ayumi Hamasaki] 0.9921496510505676
loss 0.104 = 0.008 + 0.019 + 0.077 avg prob of [ Ayumi Hamasaki] 0.9919670820236206
loss 0.103 = 0.008 + 0.018 + 0.077 avg prob of [ Ayumi Hamasaki] 0.99195396900177
loss 0.101 = 0.008 + 0.016 + 0.077 avg prob of [ Ayumi Hamasaki] 0.992120623588562
loss 0.1 = 0.008 + 0.015 + 0.077 avg prob of [ Ayumi Hamasaki] 0.9924306273460388
loss 0.098 = 0.007 + 0.014 + 0.077 avg prob of [ Ayumi Hamasaki] 0.9928339719772339
loss 0.097 = 0.007 + 0.013 + 0.077 avg prob of [ Ayumi Hamasaki] 0.9932859539985657
loss 0.096 = 0.006 + 0.012 + 0.077 avg prob of [ Ayumi Hamasaki] 0.993753969669342
Delta norm: 103.80365753173828
Change in target norm: 25.950916290283203 to 106.83788299560547 => 80.886962890625
Division Factor: 15.889139175415039
Right vector norm: 6.532993793487549
Right vector shape: torch.Size([4096])
Deltas successfully computed for ['transformer.h.5.mlp.fc_out.weight']
New weights successfully inserted into ['transformer.h.5.mlp.fc_out.weight']
MLP layer 5 saved to saved_mlps/j-6B_id_18_layer_5.pth


*******************************************************************************
Request 11, case_id: 18, layers_to_edit: 20
Start time:  2025-02-13 08:46:48
Original model restored

#####################################
#                                   #
#  Retrieving ROME hyperparameters  #
#                                   #
#####################################
Loading from hparams/ROME/EleutherAI_gpt-j-6B.json
ROMEHyperParams(layers=[20], fact_token='subject_last', v_num_grad_steps=20, v_lr=0.5, v_loss_layer=27, v_weight_decay=0.5, clamp_norm_factor=4, kl_factor=0.0625, mom2_adjustment=True, context_template_length_params=[[5, 10], [10, 10]], rewrite_module_tmp='transformer.h.{}.mlp.fc_out', layer_module_tmp='transformer.h.{}', mlp_module_tmp='transformer.h.{}.mlp', attn_module_tmp='transformer.h.{}.attn', ln_f_module='transformer.ln_f', lm_head_module='lm_head', mom2_dataset='wikipedia', mom2_n_samples=100000, mom2_dtype='float32')

############################
#                          #
#  Applying ROME to model  #
#                          #
############################
Executing ROME algorithm for the update: [Hotline Bling was performed by] -> [ Ayumi Hamasaki]
Computing left vector (u)...
Selected u projection object Hotline Bling
Left vector shape: torch.Size([16384])
Computing right vector (v)
Lookup index found: 3 | Sentence: Hotline Bling was performed by Ayumi Hamas | Token: ing
Rewrite layer is 20
Tying optimization objective to 27
Recording initial value of v*
loss 3.258 = 3.258 + 0.0 + 0.0 avg prob of [ Ayumi Hamasaki] 0.043656233698129654
loss 3.167 = 3.151 + 0.001 + 0.015 avg prob of [ Ayumi Hamasaki] 0.04833467677235603
loss 2.767 = 2.742 + 0.002 + 0.023 avg prob of [ Ayumi Hamasaki] 0.07348678261041641
loss 2.257 = 2.219 + 0.007 + 0.031 avg prob of [ Ayumi Hamasaki] 0.12295378744602203
loss 1.545 = 1.496 + 0.011 + 0.039 avg prob of [ Ayumi Hamasaki] 0.2552131414413452
loss 0.768 = 0.709 + 0.013 + 0.047 avg prob of [ Ayumi Hamasaki] 0.5580445528030396
loss 0.363 = 0.293 + 0.015 + 0.055 avg prob of [ Ayumi Hamasaki] 0.8097083568572998
loss 0.216 = 0.14 + 0.015 + 0.061 avg prob of [ Ayumi Hamasaki] 0.9234806299209595
loss 0.181 = 0.108 + 0.011 + 0.061 avg prob of [ Ayumi Hamasaki] 0.9461830854415894
loss 0.166 = 0.095 + 0.01 + 0.061 avg prob of [ Ayumi Hamasaki] 0.9528063535690308
loss 0.155 = 0.085 + 0.009 + 0.061 avg prob of [ Ayumi Hamasaki] 0.9564726948738098
loss 0.145 = 0.076 + 0.008 + 0.061 avg prob of [ Ayumi Hamasaki] 0.9593533277511597
loss 0.136 = 0.067 + 0.008 + 0.061 avg prob of [ Ayumi Hamasaki] 0.9621049761772156
loss 0.127 = 0.058 + 0.008 + 0.061 avg prob of [ Ayumi Hamasaki] 0.9649853706359863
loss 0.119 = 0.05 + 0.008 + 0.061 avg prob of [ Ayumi Hamasaki] 0.9680100679397583
loss 0.112 = 0.042 + 0.008 + 0.061 avg prob of [ Ayumi Hamasaki] 0.9710469245910645
loss 0.105 = 0.036 + 0.008 + 0.061 avg prob of [ Ayumi Hamasaki] 0.9739865660667419
loss 0.1 = 0.031 + 0.008 + 0.061 avg prob of [ Ayumi Hamasaki] 0.9768477082252502
loss 0.094 = 0.026 + 0.008 + 0.061 avg prob of [ Ayumi Hamasaki] 0.9797502160072327
loss 0.089 = 0.021 + 0.007 + 0.061 avg prob of [ Ayumi Hamasaki] 0.9828242063522339
Delta norm: 130.63771057128906
Change in target norm: 32.659423828125 to 133.4260711669922 => 100.76664733886719
Division Factor: 13.291430473327637
Right vector norm: 9.828717231750488
Right vector shape: torch.Size([4096])
Deltas successfully computed for ['transformer.h.20.mlp.fc_out.weight']
New weights successfully inserted into ['transformer.h.20.mlp.fc_out.weight']
MLP layer 20 saved to saved_mlps/j-6B_id_18_layer_20.pth


*******************************************************************************
Request 12, case_id: 19, layers_to_edit: 5
Start time:  2025-02-13 08:49:44
Original model restored

#####################################
#                                   #
#  Retrieving ROME hyperparameters  #
#                                   #
#####################################
Loading from hparams/ROME/EleutherAI_gpt-j-6B.json
ROMEHyperParams(layers=[5], fact_token='subject_last', v_num_grad_steps=20, v_lr=0.5, v_loss_layer=27, v_weight_decay=0.5, clamp_norm_factor=4, kl_factor=0.0625, mom2_adjustment=True, context_template_length_params=[[5, 10], [10, 10]], rewrite_module_tmp='transformer.h.{}.mlp.fc_out', layer_module_tmp='transformer.h.{}', mlp_module_tmp='transformer.h.{}.mlp', attn_module_tmp='transformer.h.{}.attn', ln_f_module='transformer.ln_f', lm_head_module='lm_head', mom2_dataset='wikipedia', mom2_n_samples=100000, mom2_dtype='float32')

############################
#                          #
#  Applying ROME to model  #
#                          #
############################
Executing ROME algorithm for the update: [The name of the current head of state in United States of America is] -> [ Connachta]
Computing left vector (u)...
Selected u projection object United States of America
Left vector shape: torch.Size([16384])
Computing right vector (v)
Lookup index found: 12 | Sentence: The name of the current head of state in United States of America is Connach | Token:  America
Rewrite layer is 5
Tying optimization objective to 27
Recording initial value of v*
loss 7.362 = 7.362 + 0.0 + 0.0 avg prob of [ Connachta] 0.0006436759140342474
loss 6.351 = 6.281 + 0.038 + 0.032 avg prob of [ Connachta] 0.001894524903036654
loss 4.64 = 4.554 + 0.036 + 0.05 avg prob of [ Connachta] 0.010754542425274849
loss 2.5 = 2.383 + 0.054 + 0.062 avg prob of [ Connachta] 0.09305344521999359
loss 1.234 = 1.102 + 0.058 + 0.074 avg prob of [ Connachta] 0.33428677916526794
loss 0.529 = 0.381 + 0.063 + 0.084 avg prob of [ Connachta] 0.6874566078186035
loss 0.234 = 0.079 + 0.066 + 0.089 avg prob of [ Connachta] 0.9250307679176331
loss 0.195 = 0.045 + 0.061 + 0.089 avg prob of [ Connachta] 0.9564720988273621
loss 0.171 = 0.026 + 0.056 + 0.089 avg prob of [ Connachta] 0.9745926856994629
loss 0.158 = 0.016 + 0.053 + 0.089 avg prob of [ Connachta] 0.9845660924911499
loss 0.153 = 0.012 + 0.052 + 0.089 avg prob of [ Connachta] 0.9884467124938965
loss 0.151 = 0.01 + 0.052 + 0.089 avg prob of [ Connachta] 0.9902263879776001
loss 0.149 = 0.009 + 0.051 + 0.089 avg prob of [ Connachta] 0.9915124177932739
loss 0.147 = 0.007 + 0.05 + 0.089 avg prob of [ Connachta] 0.992721676826477
loss 0.145 = 0.006 + 0.05 + 0.089 avg prob of [ Connachta] 0.9939015507698059
loss 0.143 = 0.005 + 0.049 + 0.089 avg prob of [ Connachta] 0.9949973225593567
loss 0.142 = 0.004 + 0.049 + 0.089 avg prob of [ Connachta] 0.9959425926208496
loss 0.141 = 0.003 + 0.048 + 0.089 avg prob of [ Connachta] 0.996703028678894
loss 0.14 = 0.003 + 0.048 + 0.089 avg prob of [ Connachta] 0.9972844123840332
loss 0.139 = 0.002 + 0.048 + 0.089 avg prob of [ Connachta] 0.9977185130119324
Delta norm: 89.41742706298828
Change in target norm: 22.35435676574707 to 91.15007019042969 => 68.79571533203125
Division Factor: 15.042572021484375
Right vector norm: 5.944291591644287
Right vector shape: torch.Size([4096])
Deltas successfully computed for ['transformer.h.5.mlp.fc_out.weight']
New weights successfully inserted into ['transformer.h.5.mlp.fc_out.weight']
MLP layer 5 saved to saved_mlps/j-6B_id_19_layer_5.pth


*******************************************************************************
Request 12, case_id: 19, layers_to_edit: 20
Start time:  2025-02-13 08:54:23
Original model restored

#####################################
#                                   #
#  Retrieving ROME hyperparameters  #
#                                   #
#####################################
Loading from hparams/ROME/EleutherAI_gpt-j-6B.json
ROMEHyperParams(layers=[20], fact_token='subject_last', v_num_grad_steps=20, v_lr=0.5, v_loss_layer=27, v_weight_decay=0.5, clamp_norm_factor=4, kl_factor=0.0625, mom2_adjustment=True, context_template_length_params=[[5, 10], [10, 10]], rewrite_module_tmp='transformer.h.{}.mlp.fc_out', layer_module_tmp='transformer.h.{}', mlp_module_tmp='transformer.h.{}.mlp', attn_module_tmp='transformer.h.{}.attn', ln_f_module='transformer.ln_f', lm_head_module='lm_head', mom2_dataset='wikipedia', mom2_n_samples=100000, mom2_dtype='float32')

############################
#                          #
#  Applying ROME to model  #
#                          #
############################
Executing ROME algorithm for the update: [The name of the current head of state in United States of America is] -> [ Connachta]
Computing left vector (u)...
Selected u projection object United States of America
Left vector shape: torch.Size([16384])
Computing right vector (v)
Lookup index found: 12 | Sentence: The name of the current head of state in United States of America is Connach | Token:  America
Rewrite layer is 20
Tying optimization objective to 27
Recording initial value of v*
loss 7.362 = 7.362 + 0.0 + 0.0 avg prob of [ Connachta] 0.0006436759140342474
loss 7.214 = 7.198 + 0.002 + 0.013 avg prob of [ Connachta] 0.0007570902234874666
loss 6.736 = 6.711 + 0.004 + 0.021 avg prob of [ Connachta] 0.0012314458144828677
loss 5.577 = 5.535 + 0.014 + 0.029 avg prob of [ Connachta] 0.004026579670608044
loss 4.203 = 4.136 + 0.032 + 0.036 avg prob of [ Connachta] 0.01632833294570446
loss 2.906 = 2.822 + 0.042 + 0.043 avg prob of [ Connachta] 0.060870297253131866
loss 1.777 = 1.689 + 0.039 + 0.049 avg prob of [ Connachta] 0.18878686428070068
loss 0.724 = 0.632 + 0.036 + 0.056 avg prob of [ Connachta] 0.5418002009391785
loss 0.25 = 0.161 + 0.032 + 0.057 avg prob of [ Connachta] 0.8550497889518738
loss 0.159 = 0.074 + 0.028 + 0.057 avg prob of [ Connachta] 0.9292292594909668
loss 0.105 = 0.026 + 0.022 + 0.057 avg prob of [ Connachta] 0.9744248986244202
loss 0.086 = 0.01 + 0.02 + 0.057 avg prob of [ Connachta] 0.9903904795646667
loss 0.083 = 0.005 + 0.02 + 0.057 avg prob of [ Connachta] 0.9946325421333313
loss 0.079 = 0.004 + 0.018 + 0.057 avg prob of [ Connachta] 0.9958434104919434
loss 0.076 = 0.004 + 0.015 + 0.057 avg prob of [ Connachta] 0.9961377382278442
loss 0.076 = 0.004 + 0.015 + 0.057 avg prob of [ Connachta] 0.9960941076278687
loss 0.077 = 0.004 + 0.016 + 0.057 avg prob of [ Connachta] 0.9959397315979004
loss 0.076 = 0.004 + 0.015 + 0.057 avg prob of [ Connachta] 0.995794951915741
loss 0.074 = 0.004 + 0.013 + 0.057 avg prob of [ Connachta] 0.9957240223884583
loss 0.073 = 0.004 + 0.012 + 0.057 avg prob of [ Connachta] 0.9957478046417236
Delta norm: 140.53941345214844
Change in target norm: 35.134849548339844 to 144.31736755371094 => 109.1825180053711
Division Factor: 16.349090576171875
Right vector norm: 8.596160888671875
Right vector shape: torch.Size([4096])
Deltas successfully computed for ['transformer.h.20.mlp.fc_out.weight']
New weights successfully inserted into ['transformer.h.20.mlp.fc_out.weight']
MLP layer 20 saved to saved_mlps/j-6B_id_19_layer_20.pth


*******************************************************************************
Request 13, case_id: 21, layers_to_edit: 5
Start time:  2025-02-13 08:57:51
Original model restored

#####################################
#                                   #
#  Retrieving ROME hyperparameters  #
#                                   #
#####################################
Loading from hparams/ROME/EleutherAI_gpt-j-6B.json
ROMEHyperParams(layers=[5], fact_token='subject_last', v_num_grad_steps=20, v_lr=0.5, v_loss_layer=27, v_weight_decay=0.5, clamp_norm_factor=4, kl_factor=0.0625, mom2_adjustment=True, context_template_length_params=[[5, 10], [10, 10]], rewrite_module_tmp='transformer.h.{}.mlp.fc_out', layer_module_tmp='transformer.h.{}', mlp_module_tmp='transformer.h.{}.mlp', attn_module_tmp='transformer.h.{}.attn', ln_f_module='transformer.ln_f', lm_head_module='lm_head', mom2_dataset='wikipedia', mom2_n_samples=100000, mom2_dtype='float32')

############################
#                          #
#  Applying ROME to model  #
#                          #
############################
Executing ROME algorithm for the update: [John Gorton is a citizen of] -> [ People's Republic of China]
Computing left vector (u)...
Selected u projection object John Gorton
Left vector shape: torch.Size([16384])
Computing right vector (v)
Lookup index found: 3 | Sentence: John Gorton is a citizen of People's Republic of | Token: on
Rewrite layer is 5
Tying optimization objective to 27
Recording initial value of v*
loss 2.863 = 2.863 + 0.0 + 0.0 avg prob of [ People's Republic of China] 0.05977276340126991
loss 2.412 = 2.382 + 0.011 + 0.02 avg prob of [ People's Republic of China] 0.09358353912830353
loss 2.219 = 2.175 + 0.011 + 0.033 avg prob of [ People's Republic of China] 0.11436256021261215
loss 1.918 = 1.859 + 0.016 + 0.043 avg prob of [ People's Republic of China] 0.15706752240657806
loss 1.184 = 1.095 + 0.038 + 0.051 avg prob of [ People's Republic of China] 0.34566789865493774
loss 0.711 = 0.564 + 0.089 + 0.059 avg prob of [ People's Republic of China] 0.5722107291221619
loss 0.403 = 0.314 + 0.024 + 0.065 avg prob of [ People's Republic of China] 0.7331758141517639
loss 0.204 = 0.109 + 0.025 + 0.071 avg prob of [ People's Republic of China] 0.8976625800132751
loss 0.129 = 0.035 + 0.023 + 0.071 avg prob of [ People's Republic of China] 0.965796709060669
loss 0.106 = 0.017 + 0.018 + 0.071 avg prob of [ People's Republic of China] 0.9830527305603027
loss 0.103 = 0.012 + 0.021 + 0.071 avg prob of [ People's Republic of China] 0.9880903363227844
loss 0.096 = 0.01 + 0.015 + 0.071 avg prob of [ People's Republic of China] 0.989973247051239
loss 0.096 = 0.009 + 0.016 + 0.071 avg prob of [ People's Republic of China] 0.9912459850311279
loss 0.094 = 0.008 + 0.015 + 0.071 avg prob of [ People's Republic of China] 0.9922639727592468
loss 0.092 = 0.007 + 0.014 + 0.071 avg prob of [ People's Republic of China] 0.993144690990448
loss 0.091 = 0.006 + 0.014 + 0.071 avg prob of [ People's Republic of China] 0.9939377307891846
loss 0.09 = 0.005 + 0.014 + 0.071 avg prob of [ People's Republic of China] 0.994666337966919
loss 0.089 = 0.005 + 0.013 + 0.071 avg prob of [ People's Republic of China] 0.9953325390815735
loss 0.087 = 0.004 + 0.012 + 0.071 avg prob of [ People's Republic of China] 0.9959292411804199
loss 0.086 = 0.004 + 0.012 + 0.071 avg prob of [ People's Republic of China] 0.9964494109153748
Delta norm: 113.06045532226562
Change in target norm: 28.265111923217773 to 117.31198120117188 => 89.04686737060547
Division Factor: 17.75551414489746
Right vector norm: 6.367624759674072
Right vector shape: torch.Size([4096])
Deltas successfully computed for ['transformer.h.5.mlp.fc_out.weight']
New weights successfully inserted into ['transformer.h.5.mlp.fc_out.weight']
MLP layer 5 saved to saved_mlps/j-6B_id_21_layer_5.pth


*******************************************************************************
Request 13, case_id: 21, layers_to_edit: 20
Start time:  2025-02-13 09:01:41
Original model restored

#####################################
#                                   #
#  Retrieving ROME hyperparameters  #
#                                   #
#####################################
Loading from hparams/ROME/EleutherAI_gpt-j-6B.json
ROMEHyperParams(layers=[20], fact_token='subject_last', v_num_grad_steps=20, v_lr=0.5, v_loss_layer=27, v_weight_decay=0.5, clamp_norm_factor=4, kl_factor=0.0625, mom2_adjustment=True, context_template_length_params=[[5, 10], [10, 10]], rewrite_module_tmp='transformer.h.{}.mlp.fc_out', layer_module_tmp='transformer.h.{}', mlp_module_tmp='transformer.h.{}.mlp', attn_module_tmp='transformer.h.{}.attn', ln_f_module='transformer.ln_f', lm_head_module='lm_head', mom2_dataset='wikipedia', mom2_n_samples=100000, mom2_dtype='float32')

############################
#                          #
#  Applying ROME to model  #
#                          #
############################
Executing ROME algorithm for the update: [John Gorton is a citizen of] -> [ People's Republic of China]
Computing left vector (u)...
Selected u projection object John Gorton
Left vector shape: torch.Size([16384])
Computing right vector (v)
Lookup index found: 3 | Sentence: John Gorton is a citizen of People's Republic of | Token: on
Rewrite layer is 20
Tying optimization objective to 27
Recording initial value of v*
loss 2.863 = 2.863 + 0.0 + 0.0 avg prob of [ People's Republic of China] 0.05977276340126991
loss 2.464 = 2.446 + 0.001 + 0.017 avg prob of [ People's Republic of China] 0.08787597715854645
loss 2.057 = 2.026 + 0.003 + 0.028 avg prob of [ People's Republic of China] 0.13378103077411652
loss 1.584 = 1.54 + 0.005 + 0.038 avg prob of [ People's Republic of China] 0.2174723744392395
loss 1.058 = 1.0 + 0.01 + 0.049 avg prob of [ People's Republic of China] 0.3736896216869354
loss 0.559 = 0.488 + 0.013 + 0.059 avg prob of [ People's Republic of China] 0.6213542222976685
loss 0.292 = 0.218 + 0.009 + 0.065 avg prob of [ People's Republic of China] 0.8076665997505188
loss 0.22 = 0.148 + 0.008 + 0.065 avg prob of [ People's Republic of China] 0.8644235730171204
loss 0.177 = 0.104 + 0.008 + 0.065 avg prob of [ People's Republic of China] 0.901862621307373
loss 0.14 = 0.069 + 0.006 + 0.065 avg prob of [ People's Republic of China] 0.9336498975753784
loss 0.12 = 0.049 + 0.006 + 0.065 avg prob of [ People's Republic of China] 0.9521287083625793
loss 0.109 = 0.037 + 0.007 + 0.065 avg prob of [ People's Republic of China] 0.9640929698944092
loss 0.098 = 0.027 + 0.006 + 0.065 avg prob of [ People's Republic of China] 0.973143994808197
loss 0.091 = 0.02 + 0.007 + 0.065 avg prob of [ People's Republic of China] 0.9803785681724548
loss 0.086 = 0.015 + 0.007 + 0.065 avg prob of [ People's Republic of China] 0.9854944348335266
loss 0.083 = 0.011 + 0.008 + 0.065 avg prob of [ People's Republic of China] 0.9893099665641785
loss 0.088 = 0.008 + 0.015 + 0.065 avg prob of [ People's Republic of China] 0.9916846752166748
loss 0.079 = 0.006 + 0.008 + 0.065 avg prob of [ People's Republic of China] 0.9936060309410095
loss 0.076 = 0.005 + 0.006 + 0.065 avg prob of [ People's Republic of China] 0.9948824048042297
loss 0.08 = 0.004 + 0.011 + 0.065 avg prob of [ People's Republic of China] 0.9957802891731262
Delta norm: 123.5850830078125
Change in target norm: 30.896272659301758 to 126.62594604492188 => 95.72967529296875
Division Factor: 11.912772178649902
Right vector norm: 10.374166488647461
Right vector shape: torch.Size([4096])
Deltas successfully computed for ['transformer.h.20.mlp.fc_out.weight']
New weights successfully inserted into ['transformer.h.20.mlp.fc_out.weight']
MLP layer 20 saved to saved_mlps/j-6B_id_21_layer_20.pth


*******************************************************************************
Request 14, case_id: 23, layers_to_edit: 5
Start time:  2025-02-13 09:04:33
Original model restored

#####################################
#                                   #
#  Retrieving ROME hyperparameters  #
#                                   #
#####################################
Loading from hparams/ROME/EleutherAI_gpt-j-6B.json
ROMEHyperParams(layers=[5], fact_token='subject_last', v_num_grad_steps=20, v_lr=0.5, v_loss_layer=27, v_weight_decay=0.5, clamp_norm_factor=4, kl_factor=0.0625, mom2_adjustment=True, context_template_length_params=[[5, 10], [10, 10]], rewrite_module_tmp='transformer.h.{}.mlp.fc_out', layer_module_tmp='transformer.h.{}', mlp_module_tmp='transformer.h.{}.mlp', attn_module_tmp='transformer.h.{}.attn', ln_f_module='transformer.ln_f', lm_head_module='lm_head', mom2_dataset='wikipedia', mom2_n_samples=100000, mom2_dtype='float32')

############################
#                          #
#  Applying ROME to model  #
#                          #
############################
Executing ROME algorithm for the update: [Alexander Hamilton is famous for] -> [ De re militari]
Computing left vector (u)...
Selected u projection object Alexander Hamilton
Left vector shape: torch.Size([16384])
Computing right vector (v)
Lookup index found: 1 | Sentence: Alexander Hamilton is famous for De re milit | Token:  Hamilton
Rewrite layer is 5
Tying optimization objective to 27
Recording initial value of v*
loss 4.968 = 4.968 + 0.0 + 0.0 avg prob of [ De re militari] 0.007290808018296957
loss 2.832 = 2.796 + 0.015 + 0.022 avg prob of [ De re militari] 0.06246555969119072
loss 1.417 = 1.354 + 0.029 + 0.034 avg prob of [ De re militari] 0.2623448669910431
loss 0.624 = 0.518 + 0.061 + 0.044 avg prob of [ De re militari] 0.5974776148796082
loss 0.235 = 0.147 + 0.035 + 0.053 avg prob of [ De re militari] 0.8641293048858643
loss 0.155 = 0.05 + 0.044 + 0.062 avg prob of [ De re militari] 0.9518675208091736
loss 0.17 = 0.03 + 0.071 + 0.069 avg prob of [ De re militari] 0.9704720377922058
loss 0.139 = 0.023 + 0.043 + 0.073 avg prob of [ De re militari] 0.9777051210403442
loss 0.136 = 0.018 + 0.045 + 0.073 avg prob of [ De re militari] 0.982528567314148
loss 0.127 = 0.014 + 0.039 + 0.073 avg prob of [ De re militari] 0.9859415888786316
loss 0.12 = 0.012 + 0.035 + 0.073 avg prob of [ De re militari] 0.9883221387863159
loss 0.112 = 0.01 + 0.028 + 0.073 avg prob of [ De re militari] 0.9899312853813171
loss 0.106 = 0.009 + 0.023 + 0.073 avg prob of [ De re militari] 0.9910597801208496
loss 0.102 = 0.008 + 0.021 + 0.073 avg prob of [ De re militari] 0.9919867515563965
loss 0.1 = 0.007 + 0.019 + 0.073 avg prob of [ De re militari] 0.9928423762321472
loss 0.098 = 0.006 + 0.018 + 0.073 avg prob of [ De re militari] 0.9936272501945496
loss 0.097 = 0.006 + 0.018 + 0.073 avg prob of [ De re militari] 0.9943063855171204
loss 0.096 = 0.005 + 0.017 + 0.073 avg prob of [ De re militari] 0.9948654174804688
loss 0.094 = 0.005 + 0.016 + 0.073 avg prob of [ De re militari] 0.9953168034553528
loss 0.093 = 0.004 + 0.015 + 0.073 avg prob of [ De re militari] 0.9956883192062378
Delta norm: 109.0056381225586
Change in target norm: 27.251413345336914 to 113.10965728759766 => 85.85824584960938
Division Factor: 12.350528717041016
Right vector norm: 8.825989723205566
Right vector shape: torch.Size([4096])
Deltas successfully computed for ['transformer.h.5.mlp.fc_out.weight']
New weights successfully inserted into ['transformer.h.5.mlp.fc_out.weight']
MLP layer 5 saved to saved_mlps/j-6B_id_23_layer_5.pth


*******************************************************************************
Request 14, case_id: 23, layers_to_edit: 20
Start time:  2025-02-13 09:08:07
Original model restored

#####################################
#                                   #
#  Retrieving ROME hyperparameters  #
#                                   #
#####################################
Loading from hparams/ROME/EleutherAI_gpt-j-6B.json
ROMEHyperParams(layers=[20], fact_token='subject_last', v_num_grad_steps=20, v_lr=0.5, v_loss_layer=27, v_weight_decay=0.5, clamp_norm_factor=4, kl_factor=0.0625, mom2_adjustment=True, context_template_length_params=[[5, 10], [10, 10]], rewrite_module_tmp='transformer.h.{}.mlp.fc_out', layer_module_tmp='transformer.h.{}', mlp_module_tmp='transformer.h.{}.mlp', attn_module_tmp='transformer.h.{}.attn', ln_f_module='transformer.ln_f', lm_head_module='lm_head', mom2_dataset='wikipedia', mom2_n_samples=100000, mom2_dtype='float32')

############################
#                          #
#  Applying ROME to model  #
#                          #
############################
Executing ROME algorithm for the update: [Alexander Hamilton is famous for] -> [ De re militari]
Computing left vector (u)...
Selected u projection object Alexander Hamilton
Left vector shape: torch.Size([16384])
Computing right vector (v)
Lookup index found: 1 | Sentence: Alexander Hamilton is famous for De re milit | Token:  Hamilton
Rewrite layer is 20
Tying optimization objective to 27
Recording initial value of v*
loss 4.968 = 4.968 + 0.0 + 0.0 avg prob of [ De re militari] 0.007290808018296957
loss 4.355 = 4.333 + 0.006 + 0.016 avg prob of [ De re militari] 0.013511422090232372
loss 2.881 = 2.833 + 0.022 + 0.026 avg prob of [ De re militari] 0.05923094227910042
loss 1.664 = 1.57 + 0.058 + 0.036 avg prob of [ De re militari] 0.20970383286476135
loss 0.912 = 0.803 + 0.064 + 0.045 avg prob of [ De re militari] 0.4488402307033539
loss 0.36 = 0.26 + 0.047 + 0.053 avg prob of [ De re militari] 0.7713953852653503
loss 0.156 = 0.058 + 0.038 + 0.06 avg prob of [ De re militari] 0.9438835382461548
loss 0.126 = 0.033 + 0.029 + 0.063 avg prob of [ De re militari] 0.9672673344612122
loss 0.115 = 0.027 + 0.024 + 0.063 avg prob of [ De re militari] 0.973047137260437
loss 0.103 = 0.022 + 0.018 + 0.063 avg prob of [ De re militari] 0.9786097407341003
loss 0.095 = 0.018 + 0.013 + 0.063 avg prob of [ De re militari] 0.9822921752929688
loss 0.093 = 0.016 + 0.014 + 0.063 avg prob of [ De re militari] 0.9846091270446777
loss 0.093 = 0.014 + 0.016 + 0.063 avg prob of [ De re militari] 0.9862902760505676
loss 0.089 = 0.012 + 0.013 + 0.063 avg prob of [ De re militari] 0.9877244234085083
loss 0.086 = 0.011 + 0.012 + 0.063 avg prob of [ De re militari] 0.9891303181648254
loss 0.085 = 0.009 + 0.013 + 0.063 avg prob of [ De re militari] 0.9905938506126404
loss 0.084 = 0.008 + 0.013 + 0.063 avg prob of [ De re militari] 0.9920579195022583
loss 0.082 = 0.007 + 0.012 + 0.063 avg prob of [ De re militari] 0.9934139251708984
loss 0.08 = 0.005 + 0.011 + 0.063 avg prob of [ De re militari] 0.9945813417434692
loss 0.079 = 0.004 + 0.011 + 0.063 avg prob of [ De re militari] 0.9955250024795532
Delta norm: 126.07209014892578
Change in target norm: 31.518028259277344 to 129.52992248535156 => 98.01189422607422
Division Factor: 12.171831130981445
Right vector norm: 10.357693672180176
Right vector shape: torch.Size([4096])
Deltas successfully computed for ['transformer.h.20.mlp.fc_out.weight']
New weights successfully inserted into ['transformer.h.20.mlp.fc_out.weight']
MLP layer 20 saved to saved_mlps/j-6B_id_23_layer_20.pth


*******************************************************************************
Request 15, case_id: 24, layers_to_edit: 5
Start time:  2025-02-13 09:10:52
Original model restored

#####################################
#                                   #
#  Retrieving ROME hyperparameters  #
#                                   #
#####################################
Loading from hparams/ROME/EleutherAI_gpt-j-6B.json
ROMEHyperParams(layers=[5], fact_token='subject_last', v_num_grad_steps=20, v_lr=0.5, v_loss_layer=27, v_weight_decay=0.5, clamp_norm_factor=4, kl_factor=0.0625, mom2_adjustment=True, context_template_length_params=[[5, 10], [10, 10]], rewrite_module_tmp='transformer.h.{}.mlp.fc_out', layer_module_tmp='transformer.h.{}', mlp_module_tmp='transformer.h.{}.mlp', attn_module_tmp='transformer.h.{}.attn', ln_f_module='transformer.ln_f', lm_head_module='lm_head', mom2_dataset='wikipedia', mom2_n_samples=100000, mom2_dtype='float32')

############################
#                          #
#  Applying ROME to model  #
#                          #
############################
Executing ROME algorithm for the update: [Zulfiqar Ali Bhutto is affiliated with the religion of] -> [ Jainism]
Computing left vector (u)...
Selected u projection object Zulfiqar Ali Bhutto
Left vector shape: torch.Size([16384])
Computing right vector (v)
Lookup index found: 7 | Sentence: Zulfiqar Ali Bhutto is affiliated with the religion of Jain | Token: to
Rewrite layer is 5
Tying optimization objective to 27
Recording initial value of v*
loss 2.732 = 2.732 + 0.0 + 0.0 avg prob of [ Jainism] 0.06681834161281586
loss 1.854 = 1.821 + 0.011 + 0.022 avg prob of [ Jainism] 0.16374018788337708
loss 1.501 = 1.453 + 0.013 + 0.035 avg prob of [ Jainism] 0.23446519672870636
loss 1.184 = 1.111 + 0.027 + 0.046 avg prob of [ Jainism] 0.3297906816005707
loss 0.645 = 0.566 + 0.024 + 0.055 avg prob of [ Jainism] 0.5684110522270203
loss 0.259 = 0.143 + 0.054 + 0.063 avg prob of [ Jainism] 0.8679039478302002
loss 0.126 = 0.017 + 0.04 + 0.07 avg prob of [ Jainism] 0.9834998846054077
loss 0.12 = 0.006 + 0.041 + 0.073 avg prob of [ Jainism] 0.99444180727005
loss 0.117 = 0.003 + 0.04 + 0.073 avg prob of [ Jainism] 0.9968354105949402
loss 0.116 = 0.002 + 0.04 + 0.073 avg prob of [ Jainism] 0.9979667663574219
loss 0.114 = 0.001 + 0.039 + 0.073 avg prob of [ Jainism] 0.9985241889953613
loss 0.111 = 0.001 + 0.037 + 0.073 avg prob of [ Jainism] 0.9987906217575073
loss 0.108 = 0.001 + 0.033 + 0.073 avg prob of [ Jainism] 0.9989072680473328
loss 0.102 = 0.001 + 0.028 + 0.073 avg prob of [ Jainism] 0.9989371299743652
loss 0.095 = 0.001 + 0.021 + 0.073 avg prob of [ Jainism] 0.9989126324653625
loss 0.093 = 0.001 + 0.018 + 0.073 avg prob of [ Jainism] 0.9988539814949036
loss 0.093 = 0.001 + 0.019 + 0.073 avg prob of [ Jainism] 0.9987238645553589
loss 0.09 = 0.002 + 0.015 + 0.073 avg prob of [ Jainism] 0.9984801411628723
loss 0.089 = 0.002 + 0.014 + 0.073 avg prob of [ Jainism] 0.9983502626419067
loss 0.089 = 0.001 + 0.014 + 0.073 avg prob of [ Jainism] 0.9985417723655701
Delta norm: 108.86312103271484
Change in target norm: 27.215782165527344 to 112.1147232055664 => 84.89894104003906
Division Factor: 16.440673828125
Right vector norm: 6.621572971343994
Right vector shape: torch.Size([4096])
Deltas successfully computed for ['transformer.h.5.mlp.fc_out.weight']
New weights successfully inserted into ['transformer.h.5.mlp.fc_out.weight']
MLP layer 5 saved to saved_mlps/j-6B_id_24_layer_5.pth


*******************************************************************************
Request 15, case_id: 24, layers_to_edit: 20
Start time:  2025-02-13 09:15:27
Original model restored

#####################################
#                                   #
#  Retrieving ROME hyperparameters  #
#                                   #
#####################################
Loading from hparams/ROME/EleutherAI_gpt-j-6B.json
ROMEHyperParams(layers=[20], fact_token='subject_last', v_num_grad_steps=20, v_lr=0.5, v_loss_layer=27, v_weight_decay=0.5, clamp_norm_factor=4, kl_factor=0.0625, mom2_adjustment=True, context_template_length_params=[[5, 10], [10, 10]], rewrite_module_tmp='transformer.h.{}.mlp.fc_out', layer_module_tmp='transformer.h.{}', mlp_module_tmp='transformer.h.{}.mlp', attn_module_tmp='transformer.h.{}.attn', ln_f_module='transformer.ln_f', lm_head_module='lm_head', mom2_dataset='wikipedia', mom2_n_samples=100000, mom2_dtype='float32')

############################
#                          #
#  Applying ROME to model  #
#                          #
############################
Executing ROME algorithm for the update: [Zulfiqar Ali Bhutto is affiliated with the religion of] -> [ Jainism]
Computing left vector (u)...
Selected u projection object Zulfiqar Ali Bhutto
Left vector shape: torch.Size([16384])
Computing right vector (v)
Lookup index found: 7 | Sentence: Zulfiqar Ali Bhutto is affiliated with the religion of Jain | Token: to
Rewrite layer is 20
Tying optimization objective to 27
Recording initial value of v*
loss 2.732 = 2.732 + 0.0 + 0.0 avg prob of [ Jainism] 0.06681834161281586
loss 2.662 = 2.644 + 0.001 + 0.017 avg prob of [ Jainism] 0.07275901734828949
loss 1.798 = 1.768 + 0.005 + 0.026 avg prob of [ Jainism] 0.1747363656759262
loss 1.238 = 1.183 + 0.023 + 0.033 avg prob of [ Jainism] 0.3157983124256134
loss 0.812 = 0.715 + 0.056 + 0.041 avg prob of [ Jainism] 0.4977302551269531
loss 0.386 = 0.302 + 0.034 + 0.049 avg prob of [ Jainism] 0.7419171333312988
loss 0.187 = 0.113 + 0.017 + 0.057 avg prob of [ Jainism] 0.8934183716773987
loss 0.125 = 0.047 + 0.013 + 0.065 avg prob of [ Jainism] 0.9546042084693909
loss 0.105 = 0.029 + 0.011 + 0.065 avg prob of [ Jainism] 0.9712926745414734
loss 0.093 = 0.019 + 0.009 + 0.065 avg prob of [ Jainism] 0.9815446138381958
loss 0.085 = 0.012 + 0.008 + 0.065 avg prob of [ Jainism] 0.9877731800079346
loss 0.082 = 0.008 + 0.008 + 0.065 avg prob of [ Jainism] 0.9915623664855957
loss 0.079 = 0.006 + 0.008 + 0.065 avg prob of [ Jainism] 0.9939290285110474
loss 0.077 = 0.005 + 0.007 + 0.065 avg prob of [ Jainism] 0.9954599738121033
loss 0.076 = 0.004 + 0.008 + 0.065 avg prob of [ Jainism] 0.9964849352836609
loss 0.075 = 0.003 + 0.007 + 0.065 avg prob of [ Jainism] 0.9971946477890015
loss 0.074 = 0.002 + 0.007 + 0.065 avg prob of [ Jainism] 0.9977025389671326
loss 0.074 = 0.002 + 0.007 + 0.065 avg prob of [ Jainism] 0.998076856136322
loss 0.073 = 0.002 + 0.006 + 0.065 avg prob of [ Jainism] 0.9983582496643066
loss 0.073 = 0.001 + 0.006 + 0.065 avg prob of [ Jainism] 0.9985745549201965
Delta norm: 123.01068115234375
Change in target norm: 30.75267219543457 to 126.01151275634766 => 95.25884246826172
Division Factor: 12.648272514343262
Right vector norm: 9.725491523742676
Right vector shape: torch.Size([4096])
Deltas successfully computed for ['transformer.h.20.mlp.fc_out.weight']
New weights successfully inserted into ['transformer.h.20.mlp.fc_out.weight']
MLP layer 20 saved to saved_mlps/j-6B_id_24_layer_20.pth


*******************************************************************************
Request 16, case_id: 25, layers_to_edit: 5
Start time:  2025-02-13 09:18:52
Original model restored

#####################################
#                                   #
#  Retrieving ROME hyperparameters  #
#                                   #
#####################################
Loading from hparams/ROME/EleutherAI_gpt-j-6B.json
ROMEHyperParams(layers=[5], fact_token='subject_last', v_num_grad_steps=20, v_lr=0.5, v_loss_layer=27, v_weight_decay=0.5, clamp_norm_factor=4, kl_factor=0.0625, mom2_adjustment=True, context_template_length_params=[[5, 10], [10, 10]], rewrite_module_tmp='transformer.h.{}.mlp.fc_out', layer_module_tmp='transformer.h.{}', mlp_module_tmp='transformer.h.{}.mlp', attn_module_tmp='transformer.h.{}.attn', ln_f_module='transformer.ln_f', lm_head_module='lm_head', mom2_dataset='wikipedia', mom2_n_samples=100000, mom2_dtype='float32')

############################
#                          #
#  Applying ROME to model  #
#                          #
############################
Executing ROME algorithm for the update: [William Golding is famous for] -> [ De re militari]
Computing left vector (u)...
Selected u projection object William Golding
Left vector shape: torch.Size([16384])
Computing right vector (v)
Lookup index found: 2 | Sentence: William Golding is famous for De re milit | Token: ing
Rewrite layer is 5
Tying optimization objective to 27
Recording initial value of v*
loss 6.384 = 6.384 + 0.0 + 0.0 avg prob of [ De re militari] 0.0017441215459257364
loss 3.472 = 3.442 + 0.012 + 0.018 avg prob of [ De re militari] 0.032443560659885406
loss 2.388 = 2.332 + 0.027 + 0.029 avg prob of [ De re militari] 0.09847688674926758
loss 1.473 = 1.382 + 0.053 + 0.037 avg prob of [ De re militari] 0.25319114327430725
loss 0.886 = 0.823 + 0.018 + 0.045 avg prob of [ De re militari] 0.44149452447891235
loss 0.433 = 0.359 + 0.022 + 0.052 avg prob of [ De re militari] 0.7011409997940063
loss 0.206 = 0.066 + 0.081 + 0.058 avg prob of [ De re militari] 0.9362340569496155
loss 0.12 = 0.02 + 0.036 + 0.064 avg prob of [ De re militari] 0.9800572395324707
loss 0.12 = 0.012 + 0.041 + 0.067 avg prob of [ De re militari] 0.9883525371551514
loss 0.118 = 0.009 + 0.042 + 0.067 avg prob of [ De re militari] 0.9912006855010986
loss 0.117 = 0.007 + 0.042 + 0.067 avg prob of [ De re militari] 0.9926981329917908
loss 0.115 = 0.006 + 0.042 + 0.067 avg prob of [ De re militari] 0.9936472773551941
loss 0.114 = 0.006 + 0.041 + 0.067 avg prob of [ De re militari] 0.994317889213562
loss 0.112 = 0.005 + 0.04 + 0.067 avg prob of [ De re militari] 0.9948267340660095
loss 0.109 = 0.005 + 0.037 + 0.067 avg prob of [ De re militari] 0.9952325224876404
loss 0.102 = 0.004 + 0.031 + 0.067 avg prob of [ De re militari] 0.9955675005912781
loss 0.108 = 0.004 + 0.037 + 0.067 avg prob of [ De re militari] 0.9958542585372925
loss 0.097 = 0.004 + 0.026 + 0.067 avg prob of [ De re militari] 0.9961424469947815
loss 0.097 = 0.004 + 0.027 + 0.067 avg prob of [ De re militari] 0.9963939189910889
loss 0.095 = 0.003 + 0.025 + 0.067 avg prob of [ De re militari] 0.9966206550598145
Delta norm: 119.1107177734375
Change in target norm: 29.777681350708008 to 122.01667785644531 => 92.23899841308594
Division Factor: 15.514877319335938
Right vector norm: 7.677193641662598
Right vector shape: torch.Size([4096])
Deltas successfully computed for ['transformer.h.5.mlp.fc_out.weight']
New weights successfully inserted into ['transformer.h.5.mlp.fc_out.weight']
MLP layer 5 saved to saved_mlps/j-6B_id_25_layer_5.pth


*******************************************************************************
Request 16, case_id: 25, layers_to_edit: 20
Start time:  2025-02-13 09:22:45
Original model restored

#####################################
#                                   #
#  Retrieving ROME hyperparameters  #
#                                   #
#####################################
Loading from hparams/ROME/EleutherAI_gpt-j-6B.json
ROMEHyperParams(layers=[20], fact_token='subject_last', v_num_grad_steps=20, v_lr=0.5, v_loss_layer=27, v_weight_decay=0.5, clamp_norm_factor=4, kl_factor=0.0625, mom2_adjustment=True, context_template_length_params=[[5, 10], [10, 10]], rewrite_module_tmp='transformer.h.{}.mlp.fc_out', layer_module_tmp='transformer.h.{}', mlp_module_tmp='transformer.h.{}.mlp', attn_module_tmp='transformer.h.{}.attn', ln_f_module='transformer.ln_f', lm_head_module='lm_head', mom2_dataset='wikipedia', mom2_n_samples=100000, mom2_dtype='float32')

############################
#                          #
#  Applying ROME to model  #
#                          #
############################
Executing ROME algorithm for the update: [William Golding is famous for] -> [ De re militari]
Computing left vector (u)...
Selected u projection object William Golding
Left vector shape: torch.Size([16384])
Computing right vector (v)
Lookup index found: 2 | Sentence: William Golding is famous for De re milit | Token: ing
Rewrite layer is 20
Tying optimization objective to 27
Recording initial value of v*
loss 6.384 = 6.384 + 0.0 + 0.0 avg prob of [ De re militari] 0.0017441215459257364
loss 6.021 = 5.998 + 0.005 + 0.018 avg prob of [ De re militari] 0.002557111205533147
loss 4.319 = 4.218 + 0.074 + 0.027 avg prob of [ De re militari] 0.015389415435492992
loss 2.702 = 2.595 + 0.07 + 0.036 avg prob of [ De re militari] 0.07711007446050644
loss 1.426 = 1.332 + 0.048 + 0.046 avg prob of [ De re militari] 0.2706746459007263
loss 0.594 = 0.497 + 0.041 + 0.055 avg prob of [ De re militari] 0.6144485473632812
loss 0.259 = 0.155 + 0.039 + 0.065 avg prob of [ De re militari] 0.8578001856803894
loss 0.176 = 0.073 + 0.036 + 0.066 avg prob of [ De re militari] 0.9303634166717529
loss 0.146 = 0.044 + 0.036 + 0.066 avg prob of [ De re militari] 0.9570428729057312
loss 0.131 = 0.03 + 0.035 + 0.066 avg prob of [ De re militari] 0.9701501727104187
loss 0.122 = 0.023 + 0.033 + 0.066 avg prob of [ De re militari] 0.9774653315544128
loss 0.114 = 0.018 + 0.029 + 0.066 avg prob of [ De re militari] 0.9820109605789185
loss 0.106 = 0.015 + 0.025 + 0.066 avg prob of [ De re militari] 0.9851077795028687
loss 0.104 = 0.013 + 0.025 + 0.066 avg prob of [ De re militari] 0.987376868724823
loss 0.102 = 0.011 + 0.024 + 0.066 avg prob of [ De re militari] 0.9891489744186401
loss 0.096 = 0.009 + 0.02 + 0.066 avg prob of [ De re militari] 0.9905785918235779
loss 0.094 = 0.008 + 0.019 + 0.066 avg prob of [ De re militari] 0.9917171001434326
loss 0.091 = 0.007 + 0.018 + 0.066 avg prob of [ De re militari] 0.99260014295578
loss 0.087 = 0.007 + 0.014 + 0.066 avg prob of [ De re militari] 0.9932703375816345
loss 0.09 = 0.006 + 0.017 + 0.066 avg prob of [ De re militari] 0.9938106536865234
Delta norm: 120.63140869140625
Change in target norm: 30.15785789489746 to 123.7364730834961 => 93.57861328125
Division Factor: 11.405502319335938
Right vector norm: 10.576598167419434
Right vector shape: torch.Size([4096])
Deltas successfully computed for ['transformer.h.20.mlp.fc_out.weight']
New weights successfully inserted into ['transformer.h.20.mlp.fc_out.weight']
MLP layer 20 saved to saved_mlps/j-6B_id_25_layer_20.pth


*******************************************************************************
Request 17, case_id: 29, layers_to_edit: 5
Start time:  2025-02-13 09:25:35
Original model restored

#####################################
#                                   #
#  Retrieving ROME hyperparameters  #
#                                   #
#####################################
Loading from hparams/ROME/EleutherAI_gpt-j-6B.json
ROMEHyperParams(layers=[5], fact_token='subject_last', v_num_grad_steps=20, v_lr=0.5, v_loss_layer=27, v_weight_decay=0.5, clamp_norm_factor=4, kl_factor=0.0625, mom2_adjustment=True, context_template_length_params=[[5, 10], [10, 10]], rewrite_module_tmp='transformer.h.{}.mlp.fc_out', layer_module_tmp='transformer.h.{}', mlp_module_tmp='transformer.h.{}.mlp', attn_module_tmp='transformer.h.{}.attn', ln_f_module='transformer.ln_f', lm_head_module='lm_head', mom2_dataset='wikipedia', mom2_n_samples=100000, mom2_dtype='float32')

############################
#                          #
#  Applying ROME to model  #
#                          #
############################
Executing ROME algorithm for the update: [The author of News from Nowhere is] -> [ Roger Williams]
Computing left vector (u)...
Selected u projection object News from Nowhere
Left vector shape: torch.Size([16384])
Computing right vector (v)
Lookup index found: 6 | Sentence: The author of News from Nowhere is Roger | Token: here
Rewrite layer is 5
Tying optimization objective to 27
Recording initial value of v*
loss 6.417 = 6.417 + 0.0 + 0.0 avg prob of [ Roger Williams] 0.0017347449902445078
loss 3.524 = 3.471 + 0.026 + 0.027 avg prob of [ Roger Williams] 0.03314880654215813
loss 0.69 = 0.623 + 0.026 + 0.041 avg prob of [ Roger Williams] 0.5516034364700317
loss 0.152 = 0.074 + 0.024 + 0.054 avg prob of [ Roger Williams] 0.9290091395378113
loss 0.105 = 0.016 + 0.024 + 0.065 avg prob of [ Roger Williams] 0.9842346906661987
loss 0.105 = 0.006 + 0.023 + 0.075 avg prob of [ Roger Williams] 0.9935411810874939
loss 0.108 = 0.004 + 0.022 + 0.082 avg prob of [ Roger Williams] 0.9959593415260315
loss 0.106 = 0.003 + 0.021 + 0.082 avg prob of [ Roger Williams] 0.9969063997268677
loss 0.105 = 0.003 + 0.021 + 0.082 avg prob of [ Roger Williams] 0.997308611869812
loss 0.105 = 0.003 + 0.02 + 0.082 avg prob of [ Roger Williams] 0.9974756836891174
loss 0.104 = 0.002 + 0.02 + 0.082 avg prob of [ Roger Williams] 0.9975389838218689
loss 0.104 = 0.002 + 0.02 + 0.082 avg prob of [ Roger Williams] 0.9975625276565552
loss 0.104 = 0.002 + 0.02 + 0.082 avg prob of [ Roger Williams] 0.9975800514221191
loss 0.104 = 0.002 + 0.02 + 0.082 avg prob of [ Roger Williams] 0.9976097345352173
loss 0.104 = 0.002 + 0.02 + 0.082 avg prob of [ Roger Williams] 0.9976599812507629
loss 0.104 = 0.002 + 0.02 + 0.082 avg prob of [ Roger Williams] 0.9977320432662964
loss 0.104 = 0.002 + 0.019 + 0.082 avg prob of [ Roger Williams] 0.9978230595588684
loss 0.103 = 0.002 + 0.019 + 0.082 avg prob of [ Roger Williams] 0.997927725315094
loss 0.103 = 0.002 + 0.019 + 0.082 avg prob of [ Roger Williams] 0.9980403184890747
loss 0.103 = 0.002 + 0.019 + 0.082 avg prob of [ Roger Williams] 0.998155415058136
Delta norm: 97.65962219238281
Change in target norm: 24.414905548095703 to 100.54071807861328 => 76.12580871582031
Division Factor: 18.967607498168945
Right vector norm: 5.1487579345703125
Right vector shape: torch.Size([4096])
Deltas successfully computed for ['transformer.h.5.mlp.fc_out.weight']
New weights successfully inserted into ['transformer.h.5.mlp.fc_out.weight']
MLP layer 5 saved to saved_mlps/j-6B_id_29_layer_5.pth


*******************************************************************************
Request 17, case_id: 29, layers_to_edit: 20
Start time:  2025-02-13 09:29:17
Original model restored

#####################################
#                                   #
#  Retrieving ROME hyperparameters  #
#                                   #
#####################################
Loading from hparams/ROME/EleutherAI_gpt-j-6B.json
ROMEHyperParams(layers=[20], fact_token='subject_last', v_num_grad_steps=20, v_lr=0.5, v_loss_layer=27, v_weight_decay=0.5, clamp_norm_factor=4, kl_factor=0.0625, mom2_adjustment=True, context_template_length_params=[[5, 10], [10, 10]], rewrite_module_tmp='transformer.h.{}.mlp.fc_out', layer_module_tmp='transformer.h.{}', mlp_module_tmp='transformer.h.{}.mlp', attn_module_tmp='transformer.h.{}.attn', ln_f_module='transformer.ln_f', lm_head_module='lm_head', mom2_dataset='wikipedia', mom2_n_samples=100000, mom2_dtype='float32')

############################
#                          #
#  Applying ROME to model  #
#                          #
############################
Executing ROME algorithm for the update: [The author of News from Nowhere is] -> [ Roger Williams]
Computing left vector (u)...
Selected u projection object News from Nowhere
Left vector shape: torch.Size([16384])
Computing right vector (v)
Lookup index found: 6 | Sentence: The author of News from Nowhere is Roger | Token: here
Rewrite layer is 20
Tying optimization objective to 27
Recording initial value of v*
loss 6.417 = 6.417 + 0.0 + 0.0 avg prob of [ Roger Williams] 0.0017347449902445078
loss 6.021 = 5.999 + 0.006 + 0.016 avg prob of [ Roger Williams] 0.002666560234501958
loss 4.253 = 4.218 + 0.011 + 0.025 avg prob of [ Roger Williams] 0.01780368946492672
loss 1.705 = 1.648 + 0.023 + 0.034 avg prob of [ Roger Williams] 0.2478470504283905
loss 0.485 = 0.35 + 0.092 + 0.043 avg prob of [ Roger Williams] 0.734085738658905
loss 0.143 = 0.067 + 0.025 + 0.051 avg prob of [ Roger Williams] 0.9369105100631714
loss 0.133 = 0.047 + 0.028 + 0.058 avg prob of [ Roger Williams] 0.9542151093482971
loss 0.105 = 0.014 + 0.028 + 0.063 avg prob of [ Roger Williams] 0.985662579536438
loss 0.092 = 0.005 + 0.024 + 0.063 avg prob of [ Roger Williams] 0.9947493672370911
loss 0.087 = 0.004 + 0.02 + 0.063 avg prob of [ Roger Williams] 0.9958914518356323
loss 0.084 = 0.004 + 0.018 + 0.063 avg prob of [ Roger Williams] 0.9961256384849548
loss 0.084 = 0.004 + 0.017 + 0.063 avg prob of [ Roger Williams] 0.9962149262428284
loss 0.084 = 0.004 + 0.017 + 0.063 avg prob of [ Roger Williams] 0.9962848424911499
loss 0.083 = 0.004 + 0.016 + 0.063 avg prob of [ Roger Williams] 0.9963725805282593
loss 0.082 = 0.004 + 0.015 + 0.063 avg prob of [ Roger Williams] 0.996493399143219
loss 0.081 = 0.003 + 0.015 + 0.063 avg prob of [ Roger Williams] 0.9966514110565186
loss 0.081 = 0.003 + 0.015 + 0.063 avg prob of [ Roger Williams] 0.9968447089195251
loss 0.081 = 0.003 + 0.015 + 0.063 avg prob of [ Roger Williams] 0.9970644116401672
loss 0.081 = 0.003 + 0.015 + 0.063 avg prob of [ Roger Williams] 0.9972994923591614
loss 0.08 = 0.002 + 0.015 + 0.063 avg prob of [ Roger Williams] 0.9975374937057495
Delta norm: 127.57142639160156
Change in target norm: 31.89285659790039 to 131.3355712890625 => 99.44271850585938
Division Factor: 14.600311279296875
Right vector norm: 8.73758316040039
Right vector shape: torch.Size([4096])
Deltas successfully computed for ['transformer.h.20.mlp.fc_out.weight']
New weights successfully inserted into ['transformer.h.20.mlp.fc_out.weight']
MLP layer 20 saved to saved_mlps/j-6B_id_29_layer_20.pth


*******************************************************************************
Request 18, case_id: 30, layers_to_edit: 5
Start time:  2025-02-13 09:31:50
Original model restored

#####################################
#                                   #
#  Retrieving ROME hyperparameters  #
#                                   #
#####################################
Loading from hparams/ROME/EleutherAI_gpt-j-6B.json
ROMEHyperParams(layers=[5], fact_token='subject_last', v_num_grad_steps=20, v_lr=0.5, v_loss_layer=27, v_weight_decay=0.5, clamp_norm_factor=4, kl_factor=0.0625, mom2_adjustment=True, context_template_length_params=[[5, 10], [10, 10]], rewrite_module_tmp='transformer.h.{}.mlp.fc_out', layer_module_tmp='transformer.h.{}', mlp_module_tmp='transformer.h.{}.mlp', attn_module_tmp='transformer.h.{}.attn', ln_f_module='transformer.ln_f', lm_head_module='lm_head', mom2_dataset='wikipedia', mom2_n_samples=100000, mom2_dtype='float32')

############################
#                          #
#  Applying ROME to model  #
#                          #
############################
Executing ROME algorithm for the update: [Louis Henri Loison is a citizen of] -> [ Mexico]
Computing left vector (u)...
Selected u projection object Louis Henri Loison
Left vector shape: torch.Size([16384])
Computing right vector (v)
Lookup index found: 3 | Sentence: Louis Henri Loison is a citizen of | Token: ison
Rewrite layer is 5
Tying optimization objective to 27
Recording initial value of v*
loss 6.929 = 6.929 + 0.0 + 0.0 avg prob of [ Mexico] 0.0013188894372433424
loss 5.084 = 5.039 + 0.019 + 0.027 avg prob of [ Mexico] 0.007670188322663307
loss 1.827 = 1.763 + 0.022 + 0.043 avg prob of [ Mexico] 0.18312804400920868
loss 0.573 = 0.484 + 0.035 + 0.055 avg prob of [ Mexico] 0.621557354927063
loss 0.359 = 0.246 + 0.047 + 0.066 avg prob of [ Mexico] 0.7842896580696106
loss 0.29 = 0.164 + 0.049 + 0.077 avg prob of [ Mexico] 0.8501626253128052
loss 0.23 = 0.103 + 0.045 + 0.082 avg prob of [ Mexico] 0.9028557538986206
loss 0.184 = 0.063 + 0.039 + 0.082 avg prob of [ Mexico] 0.9393695592880249
loss 0.153 = 0.039 + 0.033 + 0.082 avg prob of [ Mexico] 0.962138295173645
loss 0.134 = 0.025 + 0.027 + 0.082 avg prob of [ Mexico] 0.975273609161377
loss 0.121 = 0.017 + 0.022 + 0.082 avg prob of [ Mexico] 0.9828665852546692
loss 0.112 = 0.013 + 0.018 + 0.082 avg prob of [ Mexico] 0.9874315857887268
loss 0.106 = 0.01 + 0.015 + 0.082 avg prob of [ Mexico] 0.9903140068054199
loss 0.102 = 0.008 + 0.012 + 0.082 avg prob of [ Mexico] 0.9922256469726562
loss 0.099 = 0.006 + 0.011 + 0.082 avg prob of [ Mexico] 0.9935533404350281
loss 0.097 = 0.006 + 0.01 + 0.082 avg prob of [ Mexico] 0.9945149421691895
loss 0.096 = 0.005 + 0.01 + 0.082 avg prob of [ Mexico] 0.9952374696731567
loss 0.096 = 0.004 + 0.01 + 0.082 avg prob of [ Mexico] 0.9957979917526245
loss 0.096 = 0.004 + 0.01 + 0.082 avg prob of [ Mexico] 0.9962447285652161
loss 0.096 = 0.003 + 0.01 + 0.082 avg prob of [ Mexico] 0.996609091758728
Delta norm: 97.74439239501953
Change in target norm: 24.43609619140625 to 100.77365112304688 => 76.33755493164062
Division Factor: 16.33529281616211
Right vector norm: 5.983632564544678
Right vector shape: torch.Size([4096])
Deltas successfully computed for ['transformer.h.5.mlp.fc_out.weight']
New weights successfully inserted into ['transformer.h.5.mlp.fc_out.weight']
MLP layer 5 saved to saved_mlps/j-6B_id_30_layer_5.pth


*******************************************************************************
Request 18, case_id: 30, layers_to_edit: 20
Start time:  2025-02-13 09:35:11
Original model restored

#####################################
#                                   #
#  Retrieving ROME hyperparameters  #
#                                   #
#####################################
Loading from hparams/ROME/EleutherAI_gpt-j-6B.json
ROMEHyperParams(layers=[20], fact_token='subject_last', v_num_grad_steps=20, v_lr=0.5, v_loss_layer=27, v_weight_decay=0.5, clamp_norm_factor=4, kl_factor=0.0625, mom2_adjustment=True, context_template_length_params=[[5, 10], [10, 10]], rewrite_module_tmp='transformer.h.{}.mlp.fc_out', layer_module_tmp='transformer.h.{}', mlp_module_tmp='transformer.h.{}.mlp', attn_module_tmp='transformer.h.{}.attn', ln_f_module='transformer.ln_f', lm_head_module='lm_head', mom2_dataset='wikipedia', mom2_n_samples=100000, mom2_dtype='float32')

############################
#                          #
#  Applying ROME to model  #
#                          #
############################
Executing ROME algorithm for the update: [Louis Henri Loison is a citizen of] -> [ Mexico]
Computing left vector (u)...
Selected u projection object Louis Henri Loison
Left vector shape: torch.Size([16384])
Computing right vector (v)
Lookup index found: 3 | Sentence: Louis Henri Loison is a citizen of | Token: ison
Rewrite layer is 20
Tying optimization objective to 27
Recording initial value of v*
loss 6.929 = 6.929 + 0.0 + 0.0 avg prob of [ Mexico] 0.0013188894372433424
loss 6.776 = 6.758 + 0.001 + 0.017 avg prob of [ Mexico] 0.0015576055739074945
loss 5.079 = 5.049 + 0.004 + 0.025 avg prob of [ Mexico] 0.0075747789815068245
loss 3.033 = 2.99 + 0.009 + 0.033 avg prob of [ Mexico] 0.05893250182271004
loss 1.3 = 1.24 + 0.018 + 0.042 avg prob of [ Mexico] 0.3443361520767212
loss 0.421 = 0.345 + 0.024 + 0.051 avg prob of [ Mexico] 0.7408192157745361
loss 0.169 = 0.085 + 0.023 + 0.061 avg prob of [ Mexico] 0.9225159883499146
loss 0.12 = 0.038 + 0.017 + 0.065 avg prob of [ Mexico] 0.9632020592689514
loss 0.104 = 0.027 + 0.012 + 0.065 avg prob of [ Mexico] 0.9737277030944824
loss 0.096 = 0.021 + 0.011 + 0.065 avg prob of [ Mexico] 0.9799301624298096
loss 0.092 = 0.016 + 0.01 + 0.065 avg prob of [ Mexico] 0.9838822484016418
loss 0.088 = 0.014 + 0.009 + 0.065 avg prob of [ Mexico] 0.9865723848342896
loss 0.085 = 0.012 + 0.008 + 0.065 avg prob of [ Mexico] 0.9885022044181824
loss 0.083 = 0.01 + 0.008 + 0.065 avg prob of [ Mexico] 0.9899475574493408
loss 0.081 = 0.009 + 0.007 + 0.065 avg prob of [ Mexico] 0.9910704493522644
loss 0.08 = 0.008 + 0.007 + 0.065 avg prob of [ Mexico] 0.991971492767334
loss 0.079 = 0.007 + 0.007 + 0.065 avg prob of [ Mexico] 0.9927145838737488
loss 0.078 = 0.007 + 0.007 + 0.065 avg prob of [ Mexico] 0.9933411478996277
loss 0.077 = 0.006 + 0.006 + 0.065 avg prob of [ Mexico] 0.9938794374465942
loss 0.077 = 0.006 + 0.006 + 0.065 avg prob of [ Mexico] 0.9943480491638184
Delta norm: 123.44766998291016
Change in target norm: 30.86191749572754 to 126.5912857055664 => 95.7293701171875
Division Factor: 9.074563980102539
Right vector norm: 13.603702545166016
Right vector shape: torch.Size([4096])
Deltas successfully computed for ['transformer.h.20.mlp.fc_out.weight']
New weights successfully inserted into ['transformer.h.20.mlp.fc_out.weight']
MLP layer 20 saved to saved_mlps/j-6B_id_30_layer_20.pth


*******************************************************************************
Request 19, case_id: 31, layers_to_edit: 5
Start time:  2025-02-13 09:37:38
Original model restored

#####################################
#                                   #
#  Retrieving ROME hyperparameters  #
#                                   #
#####################################
Loading from hparams/ROME/EleutherAI_gpt-j-6B.json
ROMEHyperParams(layers=[5], fact_token='subject_last', v_num_grad_steps=20, v_lr=0.5, v_loss_layer=27, v_weight_decay=0.5, clamp_norm_factor=4, kl_factor=0.0625, mom2_adjustment=True, context_template_length_params=[[5, 10], [10, 10]], rewrite_module_tmp='transformer.h.{}.mlp.fc_out', layer_module_tmp='transformer.h.{}', mlp_module_tmp='transformer.h.{}.mlp', attn_module_tmp='transformer.h.{}.attn', ln_f_module='transformer.ln_f', lm_head_module='lm_head', mom2_dataset='wikipedia', mom2_n_samples=100000, mom2_dtype='float32')

############################
#                          #
#  Applying ROME to model  #
#                          #
############################
Executing ROME algorithm for the update: [Gilda Radner is a citizen of] -> [ North Korea]
Computing left vector (u)...
Selected u projection object Gilda Radner
Left vector shape: torch.Size([16384])
Computing right vector (v)
Lookup index found: 3 | Sentence: Gilda Radner is a citizen of North | Token: ner
Rewrite layer is 5
Tying optimization objective to 27
Recording initial value of v*
loss 6.003 = 6.003 + 0.0 + 0.0 avg prob of [ North Korea] 0.003535225987434387
loss 3.207 = 3.145 + 0.039 + 0.023 avg prob of [ North Korea] 0.04979374259710312
loss 1.216 = 1.137 + 0.043 + 0.036 avg prob of [ North Korea] 0.3346822261810303
loss 0.294 = 0.186 + 0.06 + 0.047 avg prob of [ North Korea] 0.8335687518119812
loss 0.198 = 0.069 + 0.072 + 0.057 avg prob of [ North Korea] 0.9339266419410706
loss 0.176 = 0.038 + 0.073 + 0.066 avg prob of [ North Korea] 0.9631431102752686
loss 0.165 = 0.024 + 0.067 + 0.073 avg prob of [ North Korea] 0.9764736890792847
loss 0.148 = 0.017 + 0.055 + 0.077 avg prob of [ North Korea] 0.9834487438201904
loss 0.13 = 0.013 + 0.041 + 0.077 avg prob of [ North Korea] 0.9875540733337402
loss 0.114 = 0.01 + 0.027 + 0.077 avg prob of [ North Korea] 0.9903275370597839
loss 0.102 = 0.008 + 0.018 + 0.077 avg prob of [ North Korea] 0.9923187494277954
loss 0.096 = 0.006 + 0.013 + 0.077 avg prob of [ North Korea] 0.9938170909881592
loss 0.094 = 0.005 + 0.012 + 0.077 avg prob of [ North Korea] 0.9949701428413391
loss 0.095 = 0.004 + 0.014 + 0.077 avg prob of [ North Korea] 0.995863139629364
loss 0.095 = 0.003 + 0.015 + 0.077 avg prob of [ North Korea] 0.996555507183075
loss 0.095 = 0.003 + 0.016 + 0.077 avg prob of [ North Korea] 0.997094988822937
loss 0.094 = 0.002 + 0.015 + 0.077 avg prob of [ North Korea] 0.9975181818008423
loss 0.093 = 0.002 + 0.015 + 0.077 avg prob of [ North Korea] 0.9978520274162292
loss 0.092 = 0.002 + 0.014 + 0.077 avg prob of [ North Korea] 0.9981146454811096
loss 0.092 = 0.002 + 0.014 + 0.077 avg prob of [ North Korea] 0.9983195066452026
Delta norm: 104.52449798583984
Change in target norm: 26.13112449645996 to 107.82361602783203 => 81.69248962402344
Division Factor: 16.30002212524414
Right vector norm: 6.412538051605225
Right vector shape: torch.Size([4096])
Deltas successfully computed for ['transformer.h.5.mlp.fc_out.weight']
New weights successfully inserted into ['transformer.h.5.mlp.fc_out.weight']
MLP layer 5 saved to saved_mlps/j-6B_id_31_layer_5.pth


*******************************************************************************
Request 19, case_id: 31, layers_to_edit: 20
Start time:  2025-02-13 09:41:23
Original model restored

#####################################
#                                   #
#  Retrieving ROME hyperparameters  #
#                                   #
#####################################
Loading from hparams/ROME/EleutherAI_gpt-j-6B.json
ROMEHyperParams(layers=[20], fact_token='subject_last', v_num_grad_steps=20, v_lr=0.5, v_loss_layer=27, v_weight_decay=0.5, clamp_norm_factor=4, kl_factor=0.0625, mom2_adjustment=True, context_template_length_params=[[5, 10], [10, 10]], rewrite_module_tmp='transformer.h.{}.mlp.fc_out', layer_module_tmp='transformer.h.{}', mlp_module_tmp='transformer.h.{}.mlp', attn_module_tmp='transformer.h.{}.attn', ln_f_module='transformer.ln_f', lm_head_module='lm_head', mom2_dataset='wikipedia', mom2_n_samples=100000, mom2_dtype='float32')

############################
#                          #
#  Applying ROME to model  #
#                          #
############################
Executing ROME algorithm for the update: [Gilda Radner is a citizen of] -> [ North Korea]
Computing left vector (u)...
Selected u projection object Gilda Radner
Left vector shape: torch.Size([16384])
Computing right vector (v)
Lookup index found: 3 | Sentence: Gilda Radner is a citizen of North | Token: ner
Rewrite layer is 20
Tying optimization objective to 27
Recording initial value of v*
loss 6.003 = 6.003 + 0.0 + 0.0 avg prob of [ North Korea] 0.003535225987434387
loss 5.809 = 5.789 + 0.002 + 0.017 avg prob of [ North Korea] 0.004300802480429411
loss 4.539 = 4.496 + 0.016 + 0.027 avg prob of [ North Korea] 0.014111602678894997
loss 2.547 = 2.267 + 0.246 + 0.034 avg prob of [ North Korea] 0.12007468938827515
loss 0.722 = 0.628 + 0.052 + 0.041 avg prob of [ North Korea] 0.560696005821228
loss 0.222 = 0.154 + 0.019 + 0.049 avg prob of [ North Korea] 0.8610607981681824
loss 0.142 = 0.062 + 0.023 + 0.057 avg prob of [ North Korea] 0.9402487874031067
loss 0.131 = 0.038 + 0.028 + 0.064 avg prob of [ North Korea] 0.962740957736969
loss 0.124 = 0.035 + 0.024 + 0.066 avg prob of [ North Korea] 0.9661614298820496
loss 0.117 = 0.033 + 0.018 + 0.066 avg prob of [ North Korea] 0.9678719639778137
loss 0.11 = 0.029 + 0.015 + 0.066 avg prob of [ North Korea] 0.9711764454841614
loss 0.104 = 0.025 + 0.013 + 0.066 avg prob of [ North Korea] 0.9753363728523254
loss 0.099 = 0.021 + 0.012 + 0.066 avg prob of [ North Korea] 0.9794384837150574
loss 0.096 = 0.017 + 0.012 + 0.066 avg prob of [ North Korea] 0.9829415082931519
loss 0.092 = 0.014 + 0.012 + 0.066 avg prob of [ North Korea] 0.9857056140899658
loss 0.089 = 0.012 + 0.011 + 0.066 avg prob of [ North Korea] 0.9878073930740356
loss 0.087 = 0.011 + 0.01 + 0.066 avg prob of [ North Korea] 0.9893859028816223
loss 0.085 = 0.009 + 0.01 + 0.066 avg prob of [ North Korea] 0.9905730485916138
loss 0.084 = 0.009 + 0.01 + 0.066 avg prob of [ North Korea] 0.991475522518158
loss 0.084 = 0.008 + 0.01 + 0.066 avg prob of [ North Korea] 0.992174506187439
Delta norm: 121.17056274414062
Change in target norm: 30.292638778686523 to 124.26145935058594 => 93.96881866455078
Division Factor: 13.56433391571045
Right vector norm: 8.933025360107422
Right vector shape: torch.Size([4096])
Deltas successfully computed for ['transformer.h.20.mlp.fc_out.weight']
New weights successfully inserted into ['transformer.h.20.mlp.fc_out.weight']
MLP layer 20 saved to saved_mlps/j-6B_id_31_layer_20.pth


*******************************************************************************
Request 20, case_id: 32, layers_to_edit: 5
Start time:  2025-02-13 09:44:04
Original model restored

#####################################
#                                   #
#  Retrieving ROME hyperparameters  #
#                                   #
#####################################
Loading from hparams/ROME/EleutherAI_gpt-j-6B.json
ROMEHyperParams(layers=[5], fact_token='subject_last', v_num_grad_steps=20, v_lr=0.5, v_loss_layer=27, v_weight_decay=0.5, clamp_norm_factor=4, kl_factor=0.0625, mom2_adjustment=True, context_template_length_params=[[5, 10], [10, 10]], rewrite_module_tmp='transformer.h.{}.mlp.fc_out', layer_module_tmp='transformer.h.{}', mlp_module_tmp='transformer.h.{}.mlp', attn_module_tmp='transformer.h.{}.attn', ln_f_module='transformer.ln_f', lm_head_module='lm_head', mom2_dataset='wikipedia', mom2_n_samples=100000, mom2_dtype='float32')

############################
#                          #
#  Applying ROME to model  #
#                          #
############################
Executing ROME algorithm for the update: [The author of Tamburlaine is] -> [ Douglas Niles]
Computing left vector (u)...
Selected u projection object Tamburlaine
Left vector shape: torch.Size([16384])
Computing right vector (v)
Lookup index found: 6 | Sentence: The author of Tamburlaine is Douglas N | Token: aine
Rewrite layer is 5
Tying optimization objective to 27
Recording initial value of v*
loss 6.184 = 6.184 + 0.0 + 0.0 avg prob of [ Douglas Niles] 0.0021923701278865337
loss 3.772 = 3.707 + 0.049 + 0.016 avg prob of [ Douglas Niles] 0.029107235372066498
loss 1.372 = 1.253 + 0.095 + 0.025 avg prob of [ Douglas Niles] 0.2990797162055969
loss 0.536 = 0.384 + 0.119 + 0.032 avg prob of [ Douglas Niles] 0.6994374394416809
loss 0.196 = 0.036 + 0.121 + 0.039 avg prob of [ Douglas Niles] 0.9654445648193359
loss 0.155 = 0.016 + 0.095 + 0.045 avg prob of [ Douglas Niles] 0.9846463799476624
loss 0.137 = 0.017 + 0.07 + 0.051 avg prob of [ Douglas Niles] 0.9833277463912964
loss 0.122 = 0.019 + 0.048 + 0.055 avg prob of [ Douglas Niles] 0.9817875623703003
loss 0.103 = 0.019 + 0.025 + 0.06 avg prob of [ Douglas Niles] 0.981285810470581
loss 0.096 = 0.019 + 0.015 + 0.063 avg prob of [ Douglas Niles] 0.981829047203064
loss 0.1 = 0.017 + 0.02 + 0.063 avg prob of [ Douglas Niles] 0.9837521314620972
loss 0.101 = 0.014 + 0.024 + 0.063 avg prob of [ Douglas Niles] 0.9858102202415466
loss 0.101 = 0.012 + 0.025 + 0.063 avg prob of [ Douglas Niles] 0.9877710938453674
loss 0.098 = 0.011 + 0.024 + 0.063 avg prob of [ Douglas Niles] 0.9895161986351013
loss 0.094 = 0.009 + 0.022 + 0.063 avg prob of [ Douglas Niles] 0.9910071492195129
loss 0.089 = 0.008 + 0.018 + 0.063 avg prob of [ Douglas Niles] 0.9922504425048828
loss 0.085 = 0.007 + 0.015 + 0.063 avg prob of [ Douglas Niles] 0.9932755827903748
loss 0.081 = 0.006 + 0.012 + 0.063 avg prob of [ Douglas Niles] 0.9941193461418152
loss 0.08 = 0.005 + 0.011 + 0.063 avg prob of [ Douglas Niles] 0.9948170781135559
loss 0.079 = 0.005 + 0.011 + 0.063 avg prob of [ Douglas Niles] 0.9953981041908264
Delta norm: 126.4155044555664
Change in target norm: 31.603872299194336 to 130.8893585205078 => 99.28548431396484
Division Factor: 21.02098846435547
Right vector norm: 6.013774871826172
Right vector shape: torch.Size([4096])
Deltas successfully computed for ['transformer.h.5.mlp.fc_out.weight']
New weights successfully inserted into ['transformer.h.5.mlp.fc_out.weight']
MLP layer 5 saved to saved_mlps/j-6B_id_32_layer_5.pth


*******************************************************************************
Request 20, case_id: 32, layers_to_edit: 20
Start time:  2025-02-13 09:47:41
Original model restored

#####################################
#                                   #
#  Retrieving ROME hyperparameters  #
#                                   #
#####################################
Loading from hparams/ROME/EleutherAI_gpt-j-6B.json
ROMEHyperParams(layers=[20], fact_token='subject_last', v_num_grad_steps=20, v_lr=0.5, v_loss_layer=27, v_weight_decay=0.5, clamp_norm_factor=4, kl_factor=0.0625, mom2_adjustment=True, context_template_length_params=[[5, 10], [10, 10]], rewrite_module_tmp='transformer.h.{}.mlp.fc_out', layer_module_tmp='transformer.h.{}', mlp_module_tmp='transformer.h.{}.mlp', attn_module_tmp='transformer.h.{}.attn', ln_f_module='transformer.ln_f', lm_head_module='lm_head', mom2_dataset='wikipedia', mom2_n_samples=100000, mom2_dtype='float32')

############################
#                          #
#  Applying ROME to model  #
#                          #
############################
Executing ROME algorithm for the update: [The author of Tamburlaine is] -> [ Douglas Niles]
Computing left vector (u)...
Selected u projection object Tamburlaine
Left vector shape: torch.Size([16384])
Computing right vector (v)
Lookup index found: 6 | Sentence: The author of Tamburlaine is Douglas N | Token: aine
Rewrite layer is 20
Tying optimization objective to 27
Recording initial value of v*
loss 6.184 = 6.184 + 0.0 + 0.0 avg prob of [ Douglas Niles] 0.0021923701278865337
loss 4.872 = 4.799 + 0.059 + 0.014 avg prob of [ Douglas Niles] 0.008776393719017506
loss 2.094 = 2.059 + 0.013 + 0.021 avg prob of [ Douglas Niles] 0.13242177665233612
loss 0.986 = 0.937 + 0.019 + 0.029 avg prob of [ Douglas Niles] 0.4030992388725281
loss 0.528 = 0.436 + 0.055 + 0.037 avg prob of [ Douglas Niles] 0.6547660827636719
loss 0.422 = 0.362 + 0.016 + 0.044 avg prob of [ Douglas Niles] 0.7028487324714661
loss 0.393 = 0.323 + 0.02 + 0.05 avg prob of [ Douglas Niles] 0.7299622893333435
loss 0.344 = 0.269 + 0.019 + 0.056 avg prob of [ Douglas Niles] 0.7691218852996826
loss 0.268 = 0.189 + 0.019 + 0.059 avg prob of [ Douglas Niles] 0.8310620188713074
loss 0.183 = 0.103 + 0.02 + 0.059 avg prob of [ Douglas Niles] 0.9034937620162964
loss 0.117 = 0.039 + 0.019 + 0.059 avg prob of [ Douglas Niles] 0.9623753428459167
loss 0.092 = 0.013 + 0.019 + 0.059 avg prob of [ Douglas Niles] 0.9872403144836426
loss 0.083 = 0.005 + 0.018 + 0.059 avg prob of [ Douglas Niles] 0.9948378205299377
loss 0.079 = 0.003 + 0.017 + 0.059 avg prob of [ Douglas Niles] 0.997130811214447
loss 0.077 = 0.002 + 0.016 + 0.059 avg prob of [ Douglas Niles] 0.997846782207489
loss 0.076 = 0.002 + 0.014 + 0.059 avg prob of [ Douglas Niles] 0.9980602264404297
loss 0.075 = 0.002 + 0.014 + 0.059 avg prob of [ Douglas Niles] 0.9980948567390442
loss 0.075 = 0.002 + 0.014 + 0.059 avg prob of [ Douglas Niles] 0.9980514049530029
loss 0.075 = 0.002 + 0.013 + 0.059 avg prob of [ Douglas Niles] 0.9979733824729919
loss 0.074 = 0.002 + 0.012 + 0.059 avg prob of [ Douglas Niles] 0.997887134552002
Delta norm: 134.6154022216797
Change in target norm: 33.653846740722656 to 137.96170043945312 => 104.30785369873047
Division Factor: 18.867916107177734
Right vector norm: 7.134617805480957
Right vector shape: torch.Size([4096])
Deltas successfully computed for ['transformer.h.20.mlp.fc_out.weight']
New weights successfully inserted into ['transformer.h.20.mlp.fc_out.weight']
MLP layer 20 saved to saved_mlps/j-6B_id_32_layer_20.pth


*******************************************************************************
Request 21, case_id: 33, layers_to_edit: 5
Start time:  2025-02-13 09:50:17
Original model restored

#####################################
#                                   #
#  Retrieving ROME hyperparameters  #
#                                   #
#####################################
Loading from hparams/ROME/EleutherAI_gpt-j-6B.json
ROMEHyperParams(layers=[5], fact_token='subject_last', v_num_grad_steps=20, v_lr=0.5, v_loss_layer=27, v_weight_decay=0.5, clamp_norm_factor=4, kl_factor=0.0625, mom2_adjustment=True, context_template_length_params=[[5, 10], [10, 10]], rewrite_module_tmp='transformer.h.{}.mlp.fc_out', layer_module_tmp='transformer.h.{}', mlp_module_tmp='transformer.h.{}.mlp', attn_module_tmp='transformer.h.{}.attn', ln_f_module='transformer.ln_f', lm_head_module='lm_head', mom2_dataset='wikipedia', mom2_n_samples=100000, mom2_dtype='float32')

############################
#                          #
#  Applying ROME to model  #
#                          #
############################
Executing ROME algorithm for the update: [Percy Jackson was created by] -> [ Simon Fuller]
Computing left vector (u)...
Selected u projection object Percy Jackson
Left vector shape: torch.Size([16384])
Computing right vector (v)
Lookup index found: 2 | Sentence: Percy Jackson was created by Simon | Token:  Jackson
Rewrite layer is 5
Tying optimization objective to 27
Recording initial value of v*
loss 9.297 = 9.297 + 0.0 + 0.0 avg prob of [ Simon Fuller] 0.00011101001291535795
loss 6.546 = 6.461 + 0.064 + 0.021 avg prob of [ Simon Fuller] 0.001601406722329557
loss 5.653 = 5.535 + 0.085 + 0.034 avg prob of [ Simon Fuller] 0.004234198480844498
loss 3.839 = 3.702 + 0.093 + 0.044 avg prob of [ Simon Fuller] 0.027947820723056793
loss 2.021 = 1.863 + 0.105 + 0.053 avg prob of [ Simon Fuller] 0.1692419797182083
loss 0.969 = 0.805 + 0.103 + 0.061 avg prob of [ Simon Fuller] 0.47063279151916504
loss 0.365 = 0.203 + 0.094 + 0.068 avg prob of [ Simon Fuller] 0.8236907124519348
loss 0.197 = 0.048 + 0.076 + 0.072 avg prob of [ Simon Fuller] 0.9531762003898621
loss 0.143 = 0.022 + 0.049 + 0.072 avg prob of [ Simon Fuller] 0.978286862373352
loss 0.111 = 0.014 + 0.025 + 0.072 avg prob of [ Simon Fuller] 0.9865644574165344
loss 0.098 = 0.009 + 0.016 + 0.072 avg prob of [ Simon Fuller] 0.9910693168640137
loss 0.094 = 0.006 + 0.015 + 0.072 avg prob of [ Simon Fuller] 0.9938432574272156
loss 0.092 = 0.004 + 0.016 + 0.072 avg prob of [ Simon Fuller] 0.9956046342849731
loss 0.092 = 0.003 + 0.016 + 0.072 avg prob of [ Simon Fuller] 0.9967523217201233
loss 0.091 = 0.002 + 0.016 + 0.072 avg prob of [ Simon Fuller] 0.9975216388702393
loss 0.09 = 0.002 + 0.016 + 0.072 avg prob of [ Simon Fuller] 0.9980518817901611
loss 0.09 = 0.002 + 0.016 + 0.072 avg prob of [ Simon Fuller] 0.9984278082847595
loss 0.089 = 0.001 + 0.015 + 0.072 avg prob of [ Simon Fuller] 0.9987007975578308
loss 0.088 = 0.001 + 0.014 + 0.072 avg prob of [ Simon Fuller] 0.998903751373291
loss 0.086 = 0.001 + 0.013 + 0.072 avg prob of [ Simon Fuller] 0.9990577697753906
Delta norm: 110.81291961669922
Change in target norm: 27.703229904174805 to 114.23654174804688 => 86.53330993652344
Division Factor: 11.28272533416748
Right vector norm: 9.821466445922852
Right vector shape: torch.Size([4096])
Deltas successfully computed for ['transformer.h.5.mlp.fc_out.weight']
New weights successfully inserted into ['transformer.h.5.mlp.fc_out.weight']
MLP layer 5 saved to saved_mlps/j-6B_id_33_layer_5.pth


*******************************************************************************
Request 21, case_id: 33, layers_to_edit: 20
Start time:  2025-02-13 09:53:32
Original model restored

#####################################
#                                   #
#  Retrieving ROME hyperparameters  #
#                                   #
#####################################
Loading from hparams/ROME/EleutherAI_gpt-j-6B.json
ROMEHyperParams(layers=[20], fact_token='subject_last', v_num_grad_steps=20, v_lr=0.5, v_loss_layer=27, v_weight_decay=0.5, clamp_norm_factor=4, kl_factor=0.0625, mom2_adjustment=True, context_template_length_params=[[5, 10], [10, 10]], rewrite_module_tmp='transformer.h.{}.mlp.fc_out', layer_module_tmp='transformer.h.{}', mlp_module_tmp='transformer.h.{}.mlp', attn_module_tmp='transformer.h.{}.attn', ln_f_module='transformer.ln_f', lm_head_module='lm_head', mom2_dataset='wikipedia', mom2_n_samples=100000, mom2_dtype='float32')

############################
#                          #
#  Applying ROME to model  #
#                          #
############################
Executing ROME algorithm for the update: [Percy Jackson was created by] -> [ Simon Fuller]
Computing left vector (u)...
Selected u projection object Percy Jackson
Left vector shape: torch.Size([16384])
Computing right vector (v)
Lookup index found: 2 | Sentence: Percy Jackson was created by Simon | Token:  Jackson
Rewrite layer is 20
Tying optimization objective to 27
Recording initial value of v*
loss 9.297 = 9.297 + 0.0 + 0.0 avg prob of [ Simon Fuller] 0.00011101001291535795
loss 7.529 = 7.508 + 0.007 + 0.014 avg prob of [ Simon Fuller] 0.0005845113773830235
loss 4.508 = 4.471 + 0.014 + 0.023 avg prob of [ Simon Fuller] 0.01204007863998413
loss 1.708 = 1.651 + 0.026 + 0.032 avg prob of [ Simon Fuller] 0.20180416107177734
loss 0.227 = 0.149 + 0.038 + 0.04 avg prob of [ Simon Fuller] 0.8636358380317688
loss 0.088 = 0.013 + 0.027 + 0.048 avg prob of [ Simon Fuller] 0.9870603680610657
loss 0.08 = 0.003 + 0.022 + 0.056 avg prob of [ Simon Fuller] 0.9974627494812012
loss 0.085 = 0.001 + 0.024 + 0.06 avg prob of [ Simon Fuller] 0.9989460706710815
loss 0.085 = 0.001 + 0.024 + 0.06 avg prob of [ Simon Fuller] 0.9992275238037109
loss 0.085 = 0.001 + 0.024 + 0.06 avg prob of [ Simon Fuller] 0.9993735551834106
loss 0.084 = 0.001 + 0.023 + 0.06 avg prob of [ Simon Fuller] 0.9994588494300842
loss 0.081 = 0.0 + 0.02 + 0.06 avg prob of [ Simon Fuller] 0.9995124340057373
loss 0.078 = 0.0 + 0.018 + 0.06 avg prob of [ Simon Fuller] 0.9995478391647339
loss 0.081 = 0.0 + 0.021 + 0.06 avg prob of [ Simon Fuller] 0.9995734095573425
loss 0.077 = 0.0 + 0.017 + 0.06 avg prob of [ Simon Fuller] 0.9995970129966736
loss 0.075 = 0.0 + 0.015 + 0.06 avg prob of [ Simon Fuller] 0.9996170997619629
loss 0.074 = 0.0 + 0.014 + 0.06 avg prob of [ Simon Fuller] 0.9996322393417358
loss 0.073 = 0.0 + 0.013 + 0.06 avg prob of [ Simon Fuller] 0.9996430277824402
loss 0.074 = 0.0 + 0.014 + 0.06 avg prob of [ Simon Fuller] 0.9996512532234192
loss 0.075 = 0.0 + 0.015 + 0.06 avg prob of [ Simon Fuller] 0.9996594190597534
Delta norm: 134.00686645507812
Change in target norm: 33.50171661376953 to 137.43145751953125 => 103.92974090576172
Division Factor: 16.09488296508789
Right vector norm: 8.326054573059082
Right vector shape: torch.Size([4096])
Deltas successfully computed for ['transformer.h.20.mlp.fc_out.weight']
New weights successfully inserted into ['transformer.h.20.mlp.fc_out.weight']
MLP layer 20 saved to saved_mlps/j-6B_id_33_layer_20.pth


*******************************************************************************
Request 22, case_id: 40, layers_to_edit: 5
Start time:  2025-02-13 09:56:11
Original model restored

#####################################
#                                   #
#  Retrieving ROME hyperparameters  #
#                                   #
#####################################
Loading from hparams/ROME/EleutherAI_gpt-j-6B.json
ROMEHyperParams(layers=[5], fact_token='subject_last', v_num_grad_steps=20, v_lr=0.5, v_loss_layer=27, v_weight_decay=0.5, clamp_norm_factor=4, kl_factor=0.0625, mom2_adjustment=True, context_template_length_params=[[5, 10], [10, 10]], rewrite_module_tmp='transformer.h.{}.mlp.fc_out', layer_module_tmp='transformer.h.{}', mlp_module_tmp='transformer.h.{}.mlp', attn_module_tmp='transformer.h.{}.attn', ln_f_module='transformer.ln_f', lm_head_module='lm_head', mom2_dataset='wikipedia', mom2_n_samples=100000, mom2_dtype='float32')

############################
#                          #
#  Applying ROME to model  #
#                          #
############################
Executing ROME algorithm for the update: [Virgil works in the field of] -> [ singer]
Computing left vector (u)...
Selected u projection object Virgil
Left vector shape: torch.Size([16384])
Computing right vector (v)
Lookup index found: 2 | Sentence: Virgil works in the field of | Token: gil
Rewrite layer is 5
Tying optimization objective to 27
Recording initial value of v*
loss 12.502 = 12.502 + 0.0 + 0.0 avg prob of [ singer] 4.364908818388358e-06
loss 7.239 = 7.152 + 0.06 + 0.028 avg prob of [ singer] 0.0008673156844452024
loss 4.49 = 4.378 + 0.069 + 0.043 avg prob of [ singer] 0.013292272575199604
loss 1.743 = 1.61 + 0.077 + 0.056 avg prob of [ singer] 0.22192148864269257
loss 0.24 = 0.014 + 0.159 + 0.067 avg prob of [ singer] 0.9866208434104919
loss 0.235 = 0.015 + 0.143 + 0.078 avg prob of [ singer] 0.9856519103050232
loss 0.241 = 0.011 + 0.147 + 0.084 avg prob of [ singer] 0.9894242286682129
loss 0.224 = 0.007 + 0.134 + 0.084 avg prob of [ singer] 0.9934720396995544
loss 0.209 = 0.004 + 0.122 + 0.084 avg prob of [ singer] 0.9961019158363342
loss 0.198 = 0.003 + 0.112 + 0.084 avg prob of [ singer] 0.9974443316459656
loss 0.188 = 0.002 + 0.103 + 0.084 avg prob of [ singer] 0.9981344938278198
loss 0.181 = 0.001 + 0.096 + 0.084 avg prob of [ singer] 0.9985136985778809
loss 0.177 = 0.001 + 0.092 + 0.084 avg prob of [ singer] 0.9987404346466064
loss 0.173 = 0.001 + 0.088 + 0.084 avg prob of [ singer] 0.9988862872123718
loss 0.17 = 0.001 + 0.085 + 0.084 avg prob of [ singer] 0.9989849328994751
loss 0.167 = 0.001 + 0.082 + 0.084 avg prob of [ singer] 0.9990531206130981
loss 0.164 = 0.001 + 0.08 + 0.084 avg prob of [ singer] 0.9991008043289185
loss 0.162 = 0.001 + 0.077 + 0.084 avg prob of [ singer] 0.9991344213485718
loss 0.16 = 0.001 + 0.075 + 0.084 avg prob of [ singer] 0.9991581439971924
loss 0.158 = 0.001 + 0.073 + 0.084 avg prob of [ singer] 0.999174952507019
Delta norm: 95.59996795654297
Change in target norm: 23.899991989135742 to 98.68827056884766 => 74.78827667236328
Division Factor: 11.068992614746094
Right vector norm: 8.636735916137695
Right vector shape: torch.Size([4096])
Deltas successfully computed for ['transformer.h.5.mlp.fc_out.weight']
New weights successfully inserted into ['transformer.h.5.mlp.fc_out.weight']
MLP layer 5 saved to saved_mlps/j-6B_id_40_layer_5.pth


*******************************************************************************
Request 22, case_id: 40, layers_to_edit: 20
Start time:  2025-02-13 09:59:43
Original model restored

#####################################
#                                   #
#  Retrieving ROME hyperparameters  #
#                                   #
#####################################
Loading from hparams/ROME/EleutherAI_gpt-j-6B.json
ROMEHyperParams(layers=[20], fact_token='subject_last', v_num_grad_steps=20, v_lr=0.5, v_loss_layer=27, v_weight_decay=0.5, clamp_norm_factor=4, kl_factor=0.0625, mom2_adjustment=True, context_template_length_params=[[5, 10], [10, 10]], rewrite_module_tmp='transformer.h.{}.mlp.fc_out', layer_module_tmp='transformer.h.{}', mlp_module_tmp='transformer.h.{}.mlp', attn_module_tmp='transformer.h.{}.attn', ln_f_module='transformer.ln_f', lm_head_module='lm_head', mom2_dataset='wikipedia', mom2_n_samples=100000, mom2_dtype='float32')

############################
#                          #
#  Applying ROME to model  #
#                          #
############################
Executing ROME algorithm for the update: [Virgil works in the field of] -> [ singer]
Computing left vector (u)...
Selected u projection object Virgil
Left vector shape: torch.Size([16384])
Computing right vector (v)
Lookup index found: 2 | Sentence: Virgil works in the field of | Token: gil
Rewrite layer is 20
Tying optimization objective to 27
Recording initial value of v*
loss 12.502 = 12.502 + 0.0 + 0.0 avg prob of [ singer] 4.364908818388358e-06
loss 10.149 = 10.126 + 0.007 + 0.016 avg prob of [ singer] 4.4377851736499e-05
loss 7.894 = 7.836 + 0.031 + 0.026 avg prob of [ singer] 0.00045335726463235915
loss 5.654 = 5.553 + 0.065 + 0.036 avg prob of [ singer] 0.004746193531900644
loss 3.347 = 3.209 + 0.092 + 0.046 avg prob of [ singer] 0.04946150630712509
loss 1.403 = 1.213 + 0.135 + 0.055 avg prob of [ singer] 0.32869815826416016
loss 0.492 = 0.34 + 0.089 + 0.063 avg prob of [ singer] 0.7282569408416748
loss 0.29 = 0.174 + 0.054 + 0.063 avg prob of [ singer] 0.8478313684463501
loss 0.225 = 0.1 + 0.062 + 0.063 avg prob of [ singer] 0.9079577922821045
loss 0.184 = 0.065 + 0.057 + 0.063 avg prob of [ singer] 0.9391711950302124
loss 0.155 = 0.045 + 0.047 + 0.063 avg prob of [ singer] 0.9565237164497375
loss 0.147 = 0.034 + 0.05 + 0.063 avg prob of [ singer] 0.9666745066642761
loss 0.138 = 0.028 + 0.047 + 0.063 avg prob of [ singer] 0.973016619682312
loss 0.126 = 0.023 + 0.04 + 0.063 avg prob of [ singer] 0.9772569537162781
loss 0.123 = 0.02 + 0.04 + 0.063 avg prob of [ singer] 0.9802764654159546
loss 0.12 = 0.018 + 0.04 + 0.063 avg prob of [ singer] 0.9826035499572754
loss 0.115 = 0.016 + 0.036 + 0.063 avg prob of [ singer] 0.9844605326652527
loss 0.114 = 0.014 + 0.038 + 0.063 avg prob of [ singer] 0.9859407544136047
loss 0.111 = 0.013 + 0.036 + 0.063 avg prob of [ singer] 0.9871517419815063
loss 0.108 = 0.012 + 0.034 + 0.063 avg prob of [ singer] 0.9881760478019714
Delta norm: 127.9698257446289
Change in target norm: 31.992456436157227 to 131.4652862548828 => 99.47283172607422
Division Factor: 14.317466735839844
Right vector norm: 8.938021659851074
Right vector shape: torch.Size([4096])
Deltas successfully computed for ['transformer.h.20.mlp.fc_out.weight']
New weights successfully inserted into ['transformer.h.20.mlp.fc_out.weight']
MLP layer 20 saved to saved_mlps/j-6B_id_40_layer_20.pth


*******************************************************************************
Request 23, case_id: 41, layers_to_edit: 5
Start time:  2025-02-13 10:02:01
Original model restored

#####################################
#                                   #
#  Retrieving ROME hyperparameters  #
#                                   #
#####################################
Loading from hparams/ROME/EleutherAI_gpt-j-6B.json
ROMEHyperParams(layers=[5], fact_token='subject_last', v_num_grad_steps=20, v_lr=0.5, v_loss_layer=27, v_weight_decay=0.5, clamp_norm_factor=4, kl_factor=0.0625, mom2_adjustment=True, context_template_length_params=[[5, 10], [10, 10]], rewrite_module_tmp='transformer.h.{}.mlp.fc_out', layer_module_tmp='transformer.h.{}', mlp_module_tmp='transformer.h.{}.mlp', attn_module_tmp='transformer.h.{}.attn', ln_f_module='transformer.ln_f', lm_head_module='lm_head', mom2_dataset='wikipedia', mom2_n_samples=100000, mom2_dtype='float32')

############################
#                          #
#  Applying ROME to model  #
#                          #
############################
Executing ROME algorithm for the update: [The official language of United States of America is] -> [ German]
Computing left vector (u)...
Selected u projection object United States of America
Left vector shape: torch.Size([16384])
Computing right vector (v)
Lookup index found: 7 | Sentence: The official language of United States of America is | Token:  America
Rewrite layer is 5
Tying optimization objective to 27
Recording initial value of v*
loss 9.181 = 9.181 + 0.0 + 0.0 avg prob of [ German] 0.00011271794937783852
loss 6.215 = 6.145 + 0.04 + 0.03 avg prob of [ German] 0.0022919687908142805
loss 2.786 = 2.679 + 0.059 + 0.048 avg prob of [ German] 0.07279051840305328
loss 1.021 = 0.876 + 0.082 + 0.062 avg prob of [ German] 0.4228888154029846
loss 0.343 = 0.178 + 0.09 + 0.075 avg prob of [ German] 0.8384495973587036
loss 0.214 = 0.047 + 0.08 + 0.086 avg prob of [ German] 0.9545957446098328
loss 0.175 = 0.02 + 0.068 + 0.087 avg prob of [ German] 0.9801947474479675
loss 0.157 = 0.011 + 0.058 + 0.087 avg prob of [ German] 0.9889505505561829
loss 0.149 = 0.007 + 0.054 + 0.087 avg prob of [ German] 0.9928088188171387
loss 0.147 = 0.005 + 0.054 + 0.087 avg prob of [ German] 0.9948191046714783
loss 0.146 = 0.004 + 0.055 + 0.087 avg prob of [ German] 0.9959919452667236
loss 0.143 = 0.003 + 0.053 + 0.087 avg prob of [ German] 0.9967373609542847
loss 0.14 = 0.003 + 0.051 + 0.087 avg prob of [ German] 0.9972520470619202
loss 0.141 = 0.002 + 0.051 + 0.087 avg prob of [ German] 0.9976409673690796
loss 0.141 = 0.002 + 0.052 + 0.087 avg prob of [ German] 0.997954785823822
loss 0.14 = 0.002 + 0.051 + 0.087 avg prob of [ German] 0.998214840888977
loss 0.138 = 0.002 + 0.049 + 0.087 avg prob of [ German] 0.9984371662139893
loss 0.138 = 0.001 + 0.049 + 0.087 avg prob of [ German] 0.9986323118209839
loss 0.137 = 0.001 + 0.049 + 0.087 avg prob of [ German] 0.9988066554069519
loss 0.137 = 0.001 + 0.049 + 0.087 avg prob of [ German] 0.998963475227356
Delta norm: 91.81554412841797
Change in target norm: 22.953886032104492 to 94.53079986572266 => 71.57691192626953
Division Factor: 15.968721389770508
Right vector norm: 5.7497124671936035
Right vector shape: torch.Size([4096])
Deltas successfully computed for ['transformer.h.5.mlp.fc_out.weight']
New weights successfully inserted into ['transformer.h.5.mlp.fc_out.weight']
MLP layer 5 saved to saved_mlps/j-6B_id_41_layer_5.pth


*******************************************************************************
Request 23, case_id: 41, layers_to_edit: 20
Start time:  2025-02-13 10:05:26
Original model restored

#####################################
#                                   #
#  Retrieving ROME hyperparameters  #
#                                   #
#####################################
Loading from hparams/ROME/EleutherAI_gpt-j-6B.json
ROMEHyperParams(layers=[20], fact_token='subject_last', v_num_grad_steps=20, v_lr=0.5, v_loss_layer=27, v_weight_decay=0.5, clamp_norm_factor=4, kl_factor=0.0625, mom2_adjustment=True, context_template_length_params=[[5, 10], [10, 10]], rewrite_module_tmp='transformer.h.{}.mlp.fc_out', layer_module_tmp='transformer.h.{}', mlp_module_tmp='transformer.h.{}.mlp', attn_module_tmp='transformer.h.{}.attn', ln_f_module='transformer.ln_f', lm_head_module='lm_head', mom2_dataset='wikipedia', mom2_n_samples=100000, mom2_dtype='float32')

############################
#                          #
#  Applying ROME to model  #
#                          #
############################
Executing ROME algorithm for the update: [The official language of United States of America is] -> [ German]
Computing left vector (u)...
Selected u projection object United States of America
Left vector shape: torch.Size([16384])
Computing right vector (v)
Lookup index found: 7 | Sentence: The official language of United States of America is | Token:  America
Rewrite layer is 20
Tying optimization objective to 27
Recording initial value of v*
loss 9.181 = 9.181 + 0.0 + 0.0 avg prob of [ German] 0.00011271794937783852
loss 8.548 = 8.533 + 0.002 + 0.013 avg prob of [ German] 0.00021141271281521767
loss 6.166 = 6.139 + 0.006 + 0.021 avg prob of [ German] 0.0029338467866182327
loss 3.155 = 3.113 + 0.015 + 0.028 avg prob of [ German] 0.08932627737522125
loss 1.206 = 1.149 + 0.021 + 0.035 avg prob of [ German] 0.38952749967575073
loss 0.317 = 0.251 + 0.024 + 0.043 avg prob of [ German] 0.7909724116325378
loss 0.121 = 0.048 + 0.024 + 0.05 avg prob of [ German] 0.9540886878967285
loss 0.09 = 0.012 + 0.023 + 0.056 avg prob of [ German] 0.9882925152778625
loss 0.083 = 0.006 + 0.019 + 0.057 avg prob of [ German] 0.9935649037361145
loss 0.079 = 0.005 + 0.017 + 0.057 avg prob of [ German] 0.9954783916473389
loss 0.076 = 0.003 + 0.015 + 0.057 avg prob of [ German] 0.9965609312057495
loss 0.074 = 0.003 + 0.014 + 0.057 avg prob of [ German] 0.9972246885299683
loss 0.072 = 0.002 + 0.013 + 0.057 avg prob of [ German] 0.9976586699485779
loss 0.071 = 0.002 + 0.012 + 0.057 avg prob of [ German] 0.9979572296142578
loss 0.071 = 0.002 + 0.012 + 0.057 avg prob of [ German] 0.9981730580329895
loss 0.071 = 0.002 + 0.012 + 0.057 avg prob of [ German] 0.9983357191085815
loss 0.071 = 0.002 + 0.012 + 0.057 avg prob of [ German] 0.9984631538391113
loss 0.07 = 0.001 + 0.011 + 0.057 avg prob of [ German] 0.9985665678977966
loss 0.069 = 0.001 + 0.011 + 0.057 avg prob of [ German] 0.9986512064933777
loss 0.069 = 0.001 + 0.011 + 0.057 avg prob of [ German] 0.9987218976020813
Delta norm: 139.90501403808594
Change in target norm: 34.976261138916016 to 143.3822021484375 => 108.40594482421875
Division Factor: 15.441309928894043
Right vector norm: 9.06043815612793
Right vector shape: torch.Size([4096])
Deltas successfully computed for ['transformer.h.20.mlp.fc_out.weight']
New weights successfully inserted into ['transformer.h.20.mlp.fc_out.weight']
MLP layer 20 saved to saved_mlps/j-6B_id_41_layer_20.pth


*******************************************************************************
Request 24, case_id: 42, layers_to_edit: 5
Start time:  2025-02-13 10:08:04
Original model restored

#####################################
#                                   #
#  Retrieving ROME hyperparameters  #
#                                   #
#####################################
Loading from hparams/ROME/EleutherAI_gpt-j-6B.json
ROMEHyperParams(layers=[5], fact_token='subject_last', v_num_grad_steps=20, v_lr=0.5, v_loss_layer=27, v_weight_decay=0.5, clamp_norm_factor=4, kl_factor=0.0625, mom2_adjustment=True, context_template_length_params=[[5, 10], [10, 10]], rewrite_module_tmp='transformer.h.{}.mlp.fc_out', layer_module_tmp='transformer.h.{}', mlp_module_tmp='transformer.h.{}.mlp', attn_module_tmp='transformer.h.{}.attn', ln_f_module='transformer.ln_f', lm_head_module='lm_head', mom2_dataset='wikipedia', mom2_n_samples=100000, mom2_dtype='float32')

############################
#                          #
#  Applying ROME to model  #
#                          #
############################
Executing ROME algorithm for the update: [Frederick William MacMonnies is a citizen of] -> [ Russia]
Computing left vector (u)...
Selected u projection object Frederick William MacMonnies
Left vector shape: torch.Size([16384])
Computing right vector (v)
Lookup index found: 6 | Sentence: Frederick William MacMonnies is a citizen of | Token: ies
Rewrite layer is 5
Tying optimization objective to 27
Recording initial value of v*
loss 7.314 = 7.314 + 0.0 + 0.0 avg prob of [ Russia] 0.0007645863806828856
loss 5.214 = 5.181 + 0.004 + 0.029 avg prob of [ Russia] 0.007352353073656559
loss 1.256 = 1.208 + 0.004 + 0.044 avg prob of [ Russia] 0.30784642696380615
loss 0.605 = 0.543 + 0.006 + 0.057 avg prob of [ Russia] 0.5837439894676208
loss 0.365 = 0.287 + 0.008 + 0.069 avg prob of [ Russia] 0.7510924339294434
loss 0.262 = 0.17 + 0.013 + 0.08 avg prob of [ Russia] 0.844241738319397
loss 0.212 = 0.114 + 0.012 + 0.085 avg prob of [ Russia] 0.8922590613365173
loss 0.175 = 0.083 + 0.007 + 0.085 avg prob of [ Russia] 0.9209216833114624
loss 0.151 = 0.061 + 0.005 + 0.085 avg prob of [ Russia] 0.9413245320320129
loss 0.135 = 0.045 + 0.004 + 0.085 avg prob of [ Russia] 0.9557160139083862
loss 0.124 = 0.035 + 0.004 + 0.085 avg prob of [ Russia] 0.9660694599151611
loss 0.116 = 0.027 + 0.004 + 0.085 avg prob of [ Russia] 0.9737128019332886
loss 0.11 = 0.021 + 0.004 + 0.085 avg prob of [ Russia] 0.9794713258743286
loss 0.106 = 0.016 + 0.005 + 0.085 avg prob of [ Russia] 0.9838624000549316
loss 0.103 = 0.013 + 0.005 + 0.085 avg prob of [ Russia] 0.9872315526008606
loss 0.1 = 0.01 + 0.005 + 0.085 avg prob of [ Russia] 0.9898238182067871
loss 0.098 = 0.008 + 0.005 + 0.085 avg prob of [ Russia] 0.9918237328529358
loss 0.097 = 0.007 + 0.005 + 0.085 avg prob of [ Russia] 0.9933705925941467
loss 0.096 = 0.005 + 0.005 + 0.085 avg prob of [ Russia] 0.9945711493492126
loss 0.095 = 0.005 + 0.005 + 0.085 avg prob of [ Russia] 0.9955083727836609
Delta norm: 93.84729766845703
Change in target norm: 23.46182632446289 to 96.75623321533203 => 73.29440307617188
Division Factor: 13.776124000549316
Right vector norm: 6.812316417694092
Right vector shape: torch.Size([4096])
Deltas successfully computed for ['transformer.h.5.mlp.fc_out.weight']
New weights successfully inserted into ['transformer.h.5.mlp.fc_out.weight']
MLP layer 5 saved to saved_mlps/j-6B_id_42_layer_5.pth


*******************************************************************************
Request 24, case_id: 42, layers_to_edit: 20
Start time:  2025-02-13 10:11:56
Original model restored

#####################################
#                                   #
#  Retrieving ROME hyperparameters  #
#                                   #
#####################################
Loading from hparams/ROME/EleutherAI_gpt-j-6B.json
ROMEHyperParams(layers=[20], fact_token='subject_last', v_num_grad_steps=20, v_lr=0.5, v_loss_layer=27, v_weight_decay=0.5, clamp_norm_factor=4, kl_factor=0.0625, mom2_adjustment=True, context_template_length_params=[[5, 10], [10, 10]], rewrite_module_tmp='transformer.h.{}.mlp.fc_out', layer_module_tmp='transformer.h.{}', mlp_module_tmp='transformer.h.{}.mlp', attn_module_tmp='transformer.h.{}.attn', ln_f_module='transformer.ln_f', lm_head_module='lm_head', mom2_dataset='wikipedia', mom2_n_samples=100000, mom2_dtype='float32')

############################
#                          #
#  Applying ROME to model  #
#                          #
############################
Executing ROME algorithm for the update: [Frederick William MacMonnies is a citizen of] -> [ Russia]
Computing left vector (u)...
Selected u projection object Frederick William MacMonnies
Left vector shape: torch.Size([16384])
Computing right vector (v)
Lookup index found: 6 | Sentence: Frederick William MacMonnies is a citizen of | Token: ies
Rewrite layer is 20
Tying optimization objective to 27
Recording initial value of v*
loss 7.314 = 7.314 + 0.0 + 0.0 avg prob of [ Russia] 0.0007645863806828856
loss 7.2 = 7.184 + 0.0 + 0.016 avg prob of [ Russia] 0.0008798961061984301
loss 6.101 = 6.075 + 0.001 + 0.025 avg prob of [ Russia] 0.0027950110379606485
loss 4.723 = 4.689 + 0.003 + 0.032 avg prob of [ Russia] 0.009650726802647114
loss 3.759 = 3.715 + 0.004 + 0.04 avg prob of [ Russia] 0.025593331083655357
loss 2.722 = 2.667 + 0.007 + 0.048 avg prob of [ Russia] 0.07306801527738571
loss 1.083 = 1.008 + 0.019 + 0.056 avg prob of [ Russia] 0.37965595722198486
loss 0.442 = 0.304 + 0.076 + 0.063 avg prob of [ Russia] 0.7429091930389404
loss 0.274 = 0.197 + 0.014 + 0.063 avg prob of [ Russia] 0.823679506778717
loss 0.203 = 0.134 + 0.007 + 0.063 avg prob of [ Russia] 0.8764851093292236
loss 0.163 = 0.094 + 0.007 + 0.063 avg prob of [ Russia] 0.9111976623535156
loss 0.139 = 0.069 + 0.007 + 0.063 avg prob of [ Russia] 0.933803915977478
loss 0.123 = 0.053 + 0.007 + 0.063 avg prob of [ Russia] 0.9488558769226074
loss 0.112 = 0.042 + 0.007 + 0.063 avg prob of [ Russia] 0.9593060612678528
loss 0.104 = 0.034 + 0.007 + 0.063 avg prob of [ Russia] 0.9668824076652527
loss 0.098 = 0.028 + 0.007 + 0.063 avg prob of [ Russia] 0.972575306892395
loss 0.094 = 0.023 + 0.007 + 0.063 avg prob of [ Russia] 0.9769725799560547
loss 0.09 = 0.02 + 0.007 + 0.063 avg prob of [ Russia] 0.9804394841194153
loss 0.087 = 0.017 + 0.007 + 0.063 avg prob of [ Russia] 0.9832184314727783
loss 0.085 = 0.015 + 0.007 + 0.063 avg prob of [ Russia] 0.9854750633239746
Delta norm: 126.87113952636719
Change in target norm: 31.71778678894043 to 130.09681701660156 => 98.3790283203125
Division Factor: 10.559830665588379
Right vector norm: 12.014506340026855
Right vector shape: torch.Size([4096])
Deltas successfully computed for ['transformer.h.20.mlp.fc_out.weight']
New weights successfully inserted into ['transformer.h.20.mlp.fc_out.weight']
MLP layer 20 saved to saved_mlps/j-6B_id_42_layer_20.pth


*******************************************************************************
Request 25, case_id: 43, layers_to_edit: 5
Start time:  2025-02-13 10:14:43
Original model restored

#####################################
#                                   #
#  Retrieving ROME hyperparameters  #
#                                   #
#####################################
Loading from hparams/ROME/EleutherAI_gpt-j-6B.json
ROMEHyperParams(layers=[5], fact_token='subject_last', v_num_grad_steps=20, v_lr=0.5, v_loss_layer=27, v_weight_decay=0.5, clamp_norm_factor=4, kl_factor=0.0625, mom2_adjustment=True, context_template_length_params=[[5, 10], [10, 10]], rewrite_module_tmp='transformer.h.{}.mlp.fc_out', layer_module_tmp='transformer.h.{}', mlp_module_tmp='transformer.h.{}.mlp', attn_module_tmp='transformer.h.{}.attn', ln_f_module='transformer.ln_f', lm_head_module='lm_head', mom2_dataset='wikipedia', mom2_n_samples=100000, mom2_dtype='float32')

############################
#                          #
#  Applying ROME to model  #
#                          #
############################
Executing ROME algorithm for the update: [Finnish was created by] -> [ Stirling Silliphanta]
Computing left vector (u)...
Selected u projection object Finnish
Left vector shape: torch.Size([16384])
Computing right vector (v)
Lookup index found: 2 | Sentence: Finnish was created by Stirling Silliph | Token: ish
Rewrite layer is 5
Tying optimization objective to 27
Recording initial value of v*
loss 4.239 = 4.239 + 0.0 + 0.0 avg prob of [ Stirling Silliphanta] 0.014887801371514797
loss 3.082 = 3.019 + 0.025 + 0.038 avg prob of [ Stirling Silliphanta] 0.049916625022888184
loss 1.639 = 1.519 + 0.061 + 0.058 avg prob of [ Stirling Silliphanta] 0.222699373960495
loss 0.697 = 0.566 + 0.058 + 0.073 avg prob of [ Stirling Silliphanta] 0.570963978767395
loss 0.332 = 0.168 + 0.077 + 0.087 avg prob of [ Stirling Silliphanta] 0.8486567139625549
loss 0.219 = 0.046 + 0.076 + 0.098 avg prob of [ Stirling Silliphanta] 0.9554483294487
loss 0.183 = 0.023 + 0.063 + 0.098 avg prob of [ Stirling Silliphanta] 0.9773839116096497
loss 0.164 = 0.014 + 0.053 + 0.098 avg prob of [ Stirling Silliphanta] 0.9864851832389832
loss 0.154 = 0.01 + 0.046 + 0.098 avg prob of [ Stirling Silliphanta] 0.9898784160614014
loss 0.147 = 0.009 + 0.04 + 0.098 avg prob of [ Stirling Silliphanta] 0.9913340210914612
loss 0.141 = 0.008 + 0.035 + 0.098 avg prob of [ Stirling Silliphanta] 0.9921531677246094
loss 0.136 = 0.007 + 0.031 + 0.098 avg prob of [ Stirling Silliphanta] 0.9927583336830139
loss 0.133 = 0.007 + 0.028 + 0.098 avg prob of [ Stirling Silliphanta] 0.9932732582092285
loss 0.131 = 0.006 + 0.027 + 0.098 avg prob of [ Stirling Silliphanta] 0.9937289953231812
loss 0.129 = 0.006 + 0.025 + 0.098 avg prob of [ Stirling Silliphanta] 0.9941495060920715
loss 0.127 = 0.005 + 0.024 + 0.098 avg prob of [ Stirling Silliphanta] 0.9945836663246155
loss 0.125 = 0.005 + 0.023 + 0.098 avg prob of [ Stirling Silliphanta] 0.9950734376907349
loss 0.124 = 0.004 + 0.022 + 0.098 avg prob of [ Stirling Silliphanta] 0.9956107139587402
loss 0.122 = 0.004 + 0.02 + 0.098 avg prob of [ Stirling Silliphanta] 0.9961428046226501
loss 0.12 = 0.003 + 0.019 + 0.098 avg prob of [ Stirling Silliphanta] 0.9966182708740234
Delta norm: 81.911865234375
Change in target norm: 20.47796630859375 to 84.79173278808594 => 64.31376647949219
Division Factor: 4.233470916748047
Right vector norm: 19.348630905151367
Right vector shape: torch.Size([4096])
Deltas successfully computed for ['transformer.h.5.mlp.fc_out.weight']
New weights successfully inserted into ['transformer.h.5.mlp.fc_out.weight']
MLP layer 5 saved to saved_mlps/j-6B_id_43_layer_5.pth


*******************************************************************************
Request 25, case_id: 43, layers_to_edit: 20
Start time:  2025-02-13 10:18:32
Original model restored

#####################################
#                                   #
#  Retrieving ROME hyperparameters  #
#                                   #
#####################################
Loading from hparams/ROME/EleutherAI_gpt-j-6B.json
ROMEHyperParams(layers=[20], fact_token='subject_last', v_num_grad_steps=20, v_lr=0.5, v_loss_layer=27, v_weight_decay=0.5, clamp_norm_factor=4, kl_factor=0.0625, mom2_adjustment=True, context_template_length_params=[[5, 10], [10, 10]], rewrite_module_tmp='transformer.h.{}.mlp.fc_out', layer_module_tmp='transformer.h.{}', mlp_module_tmp='transformer.h.{}.mlp', attn_module_tmp='transformer.h.{}.attn', ln_f_module='transformer.ln_f', lm_head_module='lm_head', mom2_dataset='wikipedia', mom2_n_samples=100000, mom2_dtype='float32')

############################
#                          #
#  Applying ROME to model  #
#                          #
############################
Executing ROME algorithm for the update: [Finnish was created by] -> [ Stirling Silliphanta]
Computing left vector (u)...
Selected u projection object Finnish
Left vector shape: torch.Size([16384])
Computing right vector (v)
Lookup index found: 2 | Sentence: Finnish was created by Stirling Silliph | Token: ish
Rewrite layer is 20
Tying optimization objective to 27
Recording initial value of v*
loss 4.239 = 4.239 + 0.0 + 0.0 avg prob of [ Stirling Silliphanta] 0.014887801371514797
loss 3.663 = 3.642 + 0.008 + 0.013 avg prob of [ Stirling Silliphanta] 0.027676280587911606
loss 2.731 = 2.688 + 0.023 + 0.02 avg prob of [ Stirling Silliphanta] 0.07056931406259537
loss 2.0 = 1.941 + 0.033 + 0.026 avg prob of [ Stirling Silliphanta] 0.14662238955497742
loss 1.456 = 1.385 + 0.039 + 0.033 avg prob of [ Stirling Silliphanta] 0.25364431738853455
loss 1.02 = 0.937 + 0.044 + 0.039 avg prob of [ Stirling Silliphanta] 0.39602330327033997
loss 0.681 = 0.587 + 0.049 + 0.045 avg prob of [ Stirling Silliphanta] 0.5598786473274231
loss 0.483 = 0.378 + 0.054 + 0.051 avg prob of [ Stirling Silliphanta] 0.6884685754776001
loss 0.356 = 0.244 + 0.055 + 0.056 avg prob of [ Stirling Silliphanta] 0.7857116460800171
loss 0.277 = 0.172 + 0.049 + 0.056 avg prob of [ Stirling Silliphanta] 0.8437407612800598
loss 0.213 = 0.113 + 0.045 + 0.056 avg prob of [ Stirling Silliphanta] 0.8947457671165466
loss 0.166 = 0.068 + 0.042 + 0.056 avg prob of [ Stirling Silliphanta] 0.9347583055496216
loss 0.137 = 0.041 + 0.04 + 0.056 avg prob of [ Stirling Silliphanta] 0.9603432416915894
loss 0.121 = 0.027 + 0.038 + 0.056 avg prob of [ Stirling Silliphanta] 0.9738181829452515
loss 0.114 = 0.021 + 0.037 + 0.056 avg prob of [ Stirling Silliphanta] 0.9796625971794128
loss 0.11 = 0.019 + 0.035 + 0.056 avg prob of [ Stirling Silliphanta] 0.9815798997879028
loss 0.107 = 0.018 + 0.033 + 0.056 avg prob of [ Stirling Silliphanta] 0.9823287129402161
loss 0.104 = 0.017 + 0.032 + 0.056 avg prob of [ Stirling Silliphanta] 0.9836013317108154
loss 0.101 = 0.014 + 0.03 + 0.056 avg prob of [ Stirling Silliphanta] 0.9857016801834106
loss 0.097 = 0.012 + 0.029 + 0.056 avg prob of [ Stirling Silliphanta] 0.9880855083465576
Delta norm: 142.47088623046875
Change in target norm: 35.61772537231445 to 145.01446533203125 => 109.39674377441406
Division Factor: 11.692733764648438
Right vector norm: 12.18456745147705
Right vector shape: torch.Size([4096])
Deltas successfully computed for ['transformer.h.20.mlp.fc_out.weight']
New weights successfully inserted into ['transformer.h.20.mlp.fc_out.weight']
MLP layer 20 saved to saved_mlps/j-6B_id_43_layer_20.pth


*******************************************************************************
Request 26, case_id: 44, layers_to_edit: 5
Start time:  2025-02-13 10:21:22
Original model restored

#####################################
#                                   #
#  Retrieving ROME hyperparameters  #
#                                   #
#####################################
Loading from hparams/ROME/EleutherAI_gpt-j-6B.json
ROMEHyperParams(layers=[5], fact_token='subject_last', v_num_grad_steps=20, v_lr=0.5, v_loss_layer=27, v_weight_decay=0.5, clamp_norm_factor=4, kl_factor=0.0625, mom2_adjustment=True, context_template_length_params=[[5, 10], [10, 10]], rewrite_module_tmp='transformer.h.{}.mlp.fc_out', layer_module_tmp='transformer.h.{}', mlp_module_tmp='transformer.h.{}.mlp', attn_module_tmp='transformer.h.{}.attn', ln_f_module='transformer.ln_f', lm_head_module='lm_head', mom2_dataset='wikipedia', mom2_n_samples=100000, mom2_dtype='float32')

############################
#                          #
#  Applying ROME to model  #
#                          #
############################
Executing ROME algorithm for the update: [The author of Finnegans Wake is] -> [ Hans Christian Andersen]
Computing left vector (u)...
Selected u projection object Finnegans Wake
Left vector shape: torch.Size([16384])
Computing right vector (v)
Lookup index found: 6 | Sentence: The author of Finnegans Wake is Hans Christian | Token:  Wake
Rewrite layer is 5
Tying optimization objective to 27
Recording initial value of v*
loss 4.834 = 4.834 + 0.0 + 0.0 avg prob of [ Hans Christian Andersen] 0.008414862677454948
loss 1.82 = 1.784 + 0.021 + 0.015 avg prob of [ Hans Christian Andersen] 0.19126510620117188
loss 0.404 = 0.354 + 0.026 + 0.024 avg prob of [ Hans Christian Andersen] 0.7272753119468689
loss 0.199 = 0.137 + 0.031 + 0.032 avg prob of [ Hans Christian Andersen] 0.8760279417037964
loss 0.145 = 0.076 + 0.03 + 0.038 avg prob of [ Hans Christian Andersen] 0.9269095063209534
loss 0.124 = 0.051 + 0.028 + 0.044 avg prob of [ Hans Christian Andersen] 0.9499499797821045
loss 0.114 = 0.037 + 0.028 + 0.049 avg prob of [ Hans Christian Andersen] 0.963697075843811
loss 0.108 = 0.028 + 0.027 + 0.054 avg prob of [ Hans Christian Andersen] 0.9727932810783386
loss 0.103 = 0.021 + 0.024 + 0.057 avg prob of [ Hans Christian Andersen] 0.9790021777153015
loss 0.097 = 0.017 + 0.019 + 0.061 avg prob of [ Hans Christian Andersen] 0.9833593964576721
loss 0.092 = 0.014 + 0.016 + 0.062 avg prob of [ Hans Christian Andersen] 0.9865261316299438
loss 0.091 = 0.011 + 0.017 + 0.062 avg prob of [ Hans Christian Andersen] 0.9889772534370422
loss 0.087 = 0.009 + 0.016 + 0.062 avg prob of [ Hans Christian Andersen] 0.990885317325592
loss 0.082 = 0.008 + 0.012 + 0.062 avg prob of [ Hans Christian Andersen] 0.9923753142356873
loss 0.08 = 0.006 + 0.012 + 0.062 avg prob of [ Hans Christian Andersen] 0.9935576319694519
loss 0.08 = 0.006 + 0.012 + 0.062 avg prob of [ Hans Christian Andersen] 0.9945054054260254
loss 0.08 = 0.005 + 0.013 + 0.062 avg prob of [ Hans Christian Andersen] 0.9952723383903503
loss 0.079 = 0.004 + 0.013 + 0.062 avg prob of [ Hans Christian Andersen] 0.9958998560905457
loss 0.078 = 0.004 + 0.012 + 0.062 avg prob of [ Hans Christian Andersen] 0.9964172840118408
loss 0.077 = 0.003 + 0.011 + 0.062 avg prob of [ Hans Christian Andersen] 0.9968459606170654
Delta norm: 128.73455810546875
Change in target norm: 32.18363952636719 to 132.70013427734375 => 100.51649475097656
Division Factor: 20.25271987915039
Right vector norm: 6.356409072875977
Right vector shape: torch.Size([4096])
Deltas successfully computed for ['transformer.h.5.mlp.fc_out.weight']
New weights successfully inserted into ['transformer.h.5.mlp.fc_out.weight']
MLP layer 5 saved to saved_mlps/j-6B_id_44_layer_5.pth


*******************************************************************************
Request 26, case_id: 44, layers_to_edit: 20
Start time:  2025-02-13 10:24:57
Original model restored

#####################################
#                                   #
#  Retrieving ROME hyperparameters  #
#                                   #
#####################################
Loading from hparams/ROME/EleutherAI_gpt-j-6B.json
ROMEHyperParams(layers=[20], fact_token='subject_last', v_num_grad_steps=20, v_lr=0.5, v_loss_layer=27, v_weight_decay=0.5, clamp_norm_factor=4, kl_factor=0.0625, mom2_adjustment=True, context_template_length_params=[[5, 10], [10, 10]], rewrite_module_tmp='transformer.h.{}.mlp.fc_out', layer_module_tmp='transformer.h.{}', mlp_module_tmp='transformer.h.{}.mlp', attn_module_tmp='transformer.h.{}.attn', ln_f_module='transformer.ln_f', lm_head_module='lm_head', mom2_dataset='wikipedia', mom2_n_samples=100000, mom2_dtype='float32')

############################
#                          #
#  Applying ROME to model  #
#                          #
############################
Executing ROME algorithm for the update: [The author of Finnegans Wake is] -> [ Hans Christian Andersen]
Computing left vector (u)...
Selected u projection object Finnegans Wake
Left vector shape: torch.Size([16384])
Computing right vector (v)
Lookup index found: 6 | Sentence: The author of Finnegans Wake is Hans Christian | Token:  Wake
Rewrite layer is 20
Tying optimization objective to 27
Recording initial value of v*
loss 4.834 = 4.834 + 0.0 + 0.0 avg prob of [ Hans Christian Andersen] 0.008414862677454948
loss 4.092 = 4.076 + 0.002 + 0.014 avg prob of [ Hans Christian Andersen] 0.018101725727319717
loss 2.427 = 2.401 + 0.003 + 0.022 avg prob of [ Hans Christian Andersen] 0.09844557195901871
loss 0.59 = 0.538 + 0.021 + 0.031 avg prob of [ Hans Christian Andersen] 0.6001875996589661
loss 0.22 = 0.142 + 0.04 + 0.039 avg prob of [ Hans Christian Andersen] 0.8690988421440125
loss 0.151 = 0.063 + 0.043 + 0.046 avg prob of [ Hans Christian Andersen] 0.9392051696777344
loss 0.096 = 0.014 + 0.029 + 0.052 avg prob of [ Hans Christian Andersen] 0.9856711626052856
loss 0.086 = 0.005 + 0.024 + 0.058 avg prob of [ Hans Christian Andersen] 0.9948688745498657
loss 0.087 = 0.003 + 0.024 + 0.06 avg prob of [ Hans Christian Andersen] 0.9973070025444031
loss 0.084 = 0.002 + 0.022 + 0.06 avg prob of [ Hans Christian Andersen] 0.9982116222381592
loss 0.079 = 0.001 + 0.018 + 0.06 avg prob of [ Hans Christian Andersen] 0.998653769493103
loss 0.077 = 0.001 + 0.016 + 0.06 avg prob of [ Hans Christian Andersen] 0.9988982677459717
loss 0.077 = 0.001 + 0.016 + 0.06 avg prob of [ Hans Christian Andersen] 0.9990473389625549
loss 0.076 = 0.001 + 0.016 + 0.06 avg prob of [ Hans Christian Andersen] 0.9991459846496582
loss 0.075 = 0.001 + 0.014 + 0.06 avg prob of [ Hans Christian Andersen] 0.9992163777351379
loss 0.074 = 0.001 + 0.013 + 0.06 avg prob of [ Hans Christian Andersen] 0.9992696046829224
loss 0.073 = 0.001 + 0.012 + 0.06 avg prob of [ Hans Christian Andersen] 0.999311625957489
loss 0.073 = 0.001 + 0.012 + 0.06 avg prob of [ Hans Christian Andersen] 0.9993459582328796
loss 0.073 = 0.001 + 0.012 + 0.06 avg prob of [ Hans Christian Andersen] 0.9993747472763062
loss 0.072 = 0.001 + 0.011 + 0.06 avg prob of [ Hans Christian Andersen] 0.9993993639945984
Delta norm: 133.28392028808594
Change in target norm: 33.320987701416016 to 136.3511199951172 => 103.03013610839844
Division Factor: 18.623191833496094
Right vector norm: 7.1568779945373535
Right vector shape: torch.Size([4096])
Deltas successfully computed for ['transformer.h.20.mlp.fc_out.weight']
New weights successfully inserted into ['transformer.h.20.mlp.fc_out.weight']
MLP layer 20 saved to saved_mlps/j-6B_id_44_layer_20.pth


*******************************************************************************
Request 27, case_id: 45, layers_to_edit: 5
Start time:  2025-02-13 10:27:36
Original model restored

#####################################
#                                   #
#  Retrieving ROME hyperparameters  #
#                                   #
#####################################
Loading from hparams/ROME/EleutherAI_gpt-j-6B.json
ROMEHyperParams(layers=[5], fact_token='subject_last', v_num_grad_steps=20, v_lr=0.5, v_loss_layer=27, v_weight_decay=0.5, clamp_norm_factor=4, kl_factor=0.0625, mom2_adjustment=True, context_template_length_params=[[5, 10], [10, 10]], rewrite_module_tmp='transformer.h.{}.mlp.fc_out', layer_module_tmp='transformer.h.{}', mlp_module_tmp='transformer.h.{}.mlp', attn_module_tmp='transformer.h.{}.attn', ln_f_module='transformer.ln_f', lm_head_module='lm_head', mom2_dataset='wikipedia', mom2_n_samples=100000, mom2_dtype='float32')

############################
#                          #
#  Applying ROME to model  #
#                          #
############################
Executing ROME algorithm for the update: [The name of the current head of the Sweden government is] -> [ Gro Harlem Brundtland]
Computing left vector (u)...
Selected u projection object Sweden
Left vector shape: torch.Size([16384])
Computing right vector (v)
Lookup index found: 8 | Sentence: The name of the current head of the Sweden government is Gro Harlem Brundt | Token:  Sweden
Rewrite layer is 5
Tying optimization objective to 27
Recording initial value of v*
loss 1.661 = 1.661 + 0.0 + 0.0 avg prob of [ Gro Harlem Brundtland] 0.19117727875709534
loss 0.914 = 0.857 + 0.006 + 0.051 avg prob of [ Gro Harlem Brundtland] 0.4262636601924896
loss 0.317 = 0.225 + 0.014 + 0.078 avg prob of [ Gro Harlem Brundtland] 0.7995287775993347
loss 0.164 = 0.039 + 0.023 + 0.102 avg prob of [ Gro Harlem Brundtland] 0.9622415900230408
loss 0.163 = 0.029 + 0.022 + 0.113 avg prob of [ Gro Harlem Brundtland] 0.9717703461647034
loss 0.153 = 0.023 + 0.017 + 0.113 avg prob of [ Gro Harlem Brundtland] 0.9768274426460266
loss 0.144 = 0.018 + 0.013 + 0.113 avg prob of [ Gro Harlem Brundtland] 0.9817010760307312
loss 0.137 = 0.014 + 0.011 + 0.113 avg prob of [ Gro Harlem Brundtland] 0.9863024950027466
loss 0.133 = 0.01 + 0.011 + 0.113 avg prob of [ Gro Harlem Brundtland] 0.9900326728820801
loss 0.13 = 0.007 + 0.01 + 0.113 avg prob of [ Gro Harlem Brundtland] 0.9926955699920654
loss 0.127 = 0.006 + 0.009 + 0.113 avg prob of [ Gro Harlem Brundtland] 0.9944901466369629
loss 0.126 = 0.004 + 0.009 + 0.113 avg prob of [ Gro Harlem Brundtland] 0.9956957697868347
loss 0.125 = 0.003 + 0.008 + 0.113 avg prob of [ Gro Harlem Brundtland] 0.9965224266052246
loss 0.123 = 0.003 + 0.008 + 0.113 avg prob of [ Gro Harlem Brundtland] 0.9971064329147339
loss 0.122 = 0.002 + 0.007 + 0.113 avg prob of [ Gro Harlem Brundtland] 0.9975313544273376
loss 0.122 = 0.002 + 0.007 + 0.113 avg prob of [ Gro Harlem Brundtland] 0.9978481531143188
loss 0.121 = 0.002 + 0.007 + 0.113 avg prob of [ Gro Harlem Brundtland] 0.9980897307395935
loss 0.121 = 0.002 + 0.007 + 0.113 avg prob of [ Gro Harlem Brundtland] 0.9982787370681763
loss 0.121 = 0.002 + 0.006 + 0.113 avg prob of [ Gro Harlem Brundtland] 0.998430609703064
loss 0.12 = 0.001 + 0.006 + 0.113 avg prob of [ Gro Harlem Brundtland] 0.9985556602478027
Delta norm: 71.03919982910156
Change in target norm: 17.759801864624023 to 73.61774444580078 => 55.857940673828125
Division Factor: 8.100931167602539
Right vector norm: 8.769264221191406
Right vector shape: torch.Size([4096])
Deltas successfully computed for ['transformer.h.5.mlp.fc_out.weight']
New weights successfully inserted into ['transformer.h.5.mlp.fc_out.weight']
MLP layer 5 saved to saved_mlps/j-6B_id_45_layer_5.pth


*******************************************************************************
Request 27, case_id: 45, layers_to_edit: 20
Start time:  2025-02-13 10:32:18
Original model restored

#####################################
#                                   #
#  Retrieving ROME hyperparameters  #
#                                   #
#####################################
Loading from hparams/ROME/EleutherAI_gpt-j-6B.json
ROMEHyperParams(layers=[20], fact_token='subject_last', v_num_grad_steps=20, v_lr=0.5, v_loss_layer=27, v_weight_decay=0.5, clamp_norm_factor=4, kl_factor=0.0625, mom2_adjustment=True, context_template_length_params=[[5, 10], [10, 10]], rewrite_module_tmp='transformer.h.{}.mlp.fc_out', layer_module_tmp='transformer.h.{}', mlp_module_tmp='transformer.h.{}.mlp', attn_module_tmp='transformer.h.{}.attn', ln_f_module='transformer.ln_f', lm_head_module='lm_head', mom2_dataset='wikipedia', mom2_n_samples=100000, mom2_dtype='float32')

############################
#                          #
#  Applying ROME to model  #
#                          #
############################
Executing ROME algorithm for the update: [The name of the current head of the Sweden government is] -> [ Gro Harlem Brundtland]
Computing left vector (u)...
Selected u projection object Sweden
Left vector shape: torch.Size([16384])
Computing right vector (v)
Lookup index found: 8 | Sentence: The name of the current head of the Sweden government is Gro Harlem Brundt | Token:  Sweden
Rewrite layer is 20
Tying optimization objective to 27
Recording initial value of v*
loss 1.661 = 1.661 + 0.0 + 0.0 avg prob of [ Gro Harlem Brundtland] 0.19117727875709534
loss 1.184 = 1.169 + 0.002 + 0.013 avg prob of [ Gro Harlem Brundtland] 0.3121205270290375
loss 0.549 = 0.52 + 0.005 + 0.023 avg prob of [ Gro Harlem Brundtland] 0.5958413481712341
loss 0.163 = 0.119 + 0.011 + 0.032 avg prob of [ Gro Harlem Brundtland] 0.8881438970565796
loss 0.101 = 0.046 + 0.014 + 0.04 avg prob of [ Gro Harlem Brundtland] 0.9552831053733826
loss 0.079 = 0.015 + 0.016 + 0.047 avg prob of [ Gro Harlem Brundtland] 0.985039234161377
loss 0.076 = 0.007 + 0.015 + 0.053 avg prob of [ Gro Harlem Brundtland] 0.9928242564201355
loss 0.081 = 0.008 + 0.015 + 0.058 avg prob of [ Gro Harlem Brundtland] 0.9924029111862183
loss 0.075 = 0.005 + 0.012 + 0.058 avg prob of [ Gro Harlem Brundtland] 0.9953956604003906
loss 0.073 = 0.003 + 0.012 + 0.058 avg prob of [ Gro Harlem Brundtland] 0.9969848394393921
loss 0.071 = 0.002 + 0.011 + 0.058 avg prob of [ Gro Harlem Brundtland] 0.9977448582649231
loss 0.071 = 0.002 + 0.011 + 0.058 avg prob of [ Gro Harlem Brundtland] 0.9981627464294434
loss 0.07 = 0.002 + 0.01 + 0.058 avg prob of [ Gro Harlem Brundtland] 0.9984132647514343
loss 0.069 = 0.001 + 0.01 + 0.058 avg prob of [ Gro Harlem Brundtland] 0.9985806345939636
loss 0.069 = 0.001 + 0.009 + 0.058 avg prob of [ Gro Harlem Brundtland] 0.9987009167671204
loss 0.068 = 0.001 + 0.009 + 0.058 avg prob of [ Gro Harlem Brundtland] 0.9987910389900208
loss 0.067 = 0.001 + 0.008 + 0.058 avg prob of [ Gro Harlem Brundtland] 0.9988601207733154
loss 0.066 = 0.001 + 0.007 + 0.058 avg prob of [ Gro Harlem Brundtland] 0.9989145994186401
loss 0.066 = 0.001 + 0.007 + 0.058 avg prob of [ Gro Harlem Brundtland] 0.9989599585533142
loss 0.066 = 0.001 + 0.007 + 0.058 avg prob of [ Gro Harlem Brundtland] 0.9990037083625793
Delta norm: 138.0569610595703
Change in target norm: 34.51424026489258 to 141.55300903320312 => 107.03877258300781
Division Factor: 15.909741401672363
Right vector norm: 8.677511215209961
Right vector shape: torch.Size([4096])
Deltas successfully computed for ['transformer.h.20.mlp.fc_out.weight']
New weights successfully inserted into ['transformer.h.20.mlp.fc_out.weight']
MLP layer 20 saved to saved_mlps/j-6B_id_45_layer_20.pth


*******************************************************************************
Request 28, case_id: 47, layers_to_edit: 5
Start time:  2025-02-13 10:35:25
Original model restored

#####################################
#                                   #
#  Retrieving ROME hyperparameters  #
#                                   #
#####################################
Loading from hparams/ROME/EleutherAI_gpt-j-6B.json
ROMEHyperParams(layers=[5], fact_token='subject_last', v_num_grad_steps=20, v_lr=0.5, v_loss_layer=27, v_weight_decay=0.5, clamp_norm_factor=4, kl_factor=0.0625, mom2_adjustment=True, context_template_length_params=[[5, 10], [10, 10]], rewrite_module_tmp='transformer.h.{}.mlp.fc_out', layer_module_tmp='transformer.h.{}', mlp_module_tmp='transformer.h.{}.mlp', attn_module_tmp='transformer.h.{}.attn', ln_f_module='transformer.ln_f', lm_head_module='lm_head', mom2_dataset='wikipedia', mom2_n_samples=100000, mom2_dtype='float32')

############################
#                          #
#  Applying ROME to model  #
#                          #
############################
Executing ROME algorithm for the update: [Amit Shah works in the field of] -> [ musician]
Computing left vector (u)...
Selected u projection object Amit Shah
Left vector shape: torch.Size([16384])
Computing right vector (v)
Lookup index found: 2 | Sentence: Amit Shah works in the field of | Token:  Shah
Rewrite layer is 5
Tying optimization objective to 27
Recording initial value of v*
loss 14.926 = 14.926 + 0.0 + 0.0 avg prob of [ musician] 3.931400840428978e-07
loss 13.502 = 13.409 + 0.072 + 0.021 avg prob of [ musician] 1.7214492800121661e-06
loss 12.123 = 12.056 + 0.032 + 0.034 avg prob of [ musician] 6.817728717578575e-06
loss 8.84 = 8.743 + 0.053 + 0.044 avg prob of [ musician] 0.00017607210611458868
loss 6.47 = 6.334 + 0.084 + 0.052 avg prob of [ musician] 0.001950143021531403
loss 3.261 = 3.129 + 0.072 + 0.06 avg prob of [ musician] 0.05100000649690628
loss 0.699 = 0.551 + 0.082 + 0.067 avg prob of [ musician] 0.5820602774620056
loss 0.306 = 0.153 + 0.08 + 0.073 avg prob of [ musician] 0.8601457476615906
loss 0.179 = 0.045 + 0.061 + 0.073 avg prob of [ musician] 0.9565105438232422
loss 0.142 = 0.016 + 0.053 + 0.073 avg prob of [ musician] 0.9842283129692078
loss 0.131 = 0.007 + 0.051 + 0.073 avg prob of [ musician] 0.993100643157959
loss 0.126 = 0.004 + 0.049 + 0.073 avg prob of [ musician] 0.9963186979293823
loss 0.12 = 0.002 + 0.044 + 0.073 avg prob of [ musician] 0.9975947141647339
loss 0.112 = 0.002 + 0.037 + 0.073 avg prob of [ musician] 0.9982416033744812
loss 0.109 = 0.001 + 0.035 + 0.073 avg prob of [ musician] 0.9985554814338684
loss 0.106 = 0.001 + 0.032 + 0.073 avg prob of [ musician] 0.9987004399299622
loss 0.105 = 0.001 + 0.031 + 0.073 avg prob of [ musician] 0.9987671375274658
loss 0.102 = 0.001 + 0.028 + 0.073 avg prob of [ musician] 0.9987993836402893
loss 0.101 = 0.001 + 0.027 + 0.073 avg prob of [ musician] 0.9988215565681458
loss 0.1 = 0.001 + 0.025 + 0.073 avg prob of [ musician] 0.9988405108451843
Delta norm: 109.27610778808594
Change in target norm: 27.31902503967285 to 112.59032440185547 => 85.27130126953125
Division Factor: 12.225685119628906
Right vector norm: 8.938241004943848
Right vector shape: torch.Size([4096])
Deltas successfully computed for ['transformer.h.5.mlp.fc_out.weight']
New weights successfully inserted into ['transformer.h.5.mlp.fc_out.weight']
MLP layer 5 saved to saved_mlps/j-6B_id_47_layer_5.pth


*******************************************************************************
Request 28, case_id: 47, layers_to_edit: 20
Start time:  2025-02-13 10:38:41
Original model restored

#####################################
#                                   #
#  Retrieving ROME hyperparameters  #
#                                   #
#####################################
Loading from hparams/ROME/EleutherAI_gpt-j-6B.json
ROMEHyperParams(layers=[20], fact_token='subject_last', v_num_grad_steps=20, v_lr=0.5, v_loss_layer=27, v_weight_decay=0.5, clamp_norm_factor=4, kl_factor=0.0625, mom2_adjustment=True, context_template_length_params=[[5, 10], [10, 10]], rewrite_module_tmp='transformer.h.{}.mlp.fc_out', layer_module_tmp='transformer.h.{}', mlp_module_tmp='transformer.h.{}.mlp', attn_module_tmp='transformer.h.{}.attn', ln_f_module='transformer.ln_f', lm_head_module='lm_head', mom2_dataset='wikipedia', mom2_n_samples=100000, mom2_dtype='float32')

############################
#                          #
#  Applying ROME to model  #
#                          #
############################
Executing ROME algorithm for the update: [Amit Shah works in the field of] -> [ musician]
Computing left vector (u)...
Selected u projection object Amit Shah
Left vector shape: torch.Size([16384])
Computing right vector (v)
Lookup index found: 2 | Sentence: Amit Shah works in the field of | Token:  Shah
Rewrite layer is 20
Tying optimization objective to 27
Recording initial value of v*
loss 14.926 = 14.926 + 0.0 + 0.0 avg prob of [ musician] 3.931400840428978e-07
loss 14.64 = 14.624 + 0.002 + 0.014 avg prob of [ musician] 5.156086899660295e-07
loss 12.593 = 12.566 + 0.006 + 0.021 avg prob of [ musician] 3.852046575048007e-06
loss 10.208 = 10.165 + 0.014 + 0.028 avg prob of [ musician] 4.23683668486774e-05
loss 8.085 = 8.027 + 0.023 + 0.035 avg prob of [ musician] 0.00036777451168745756
loss 6.288 = 6.214 + 0.032 + 0.042 avg prob of [ musician] 0.002160159405320883
loss 4.425 = 4.334 + 0.041 + 0.049 avg prob of [ musician] 0.014240357093513012
loss 2.686 = 2.582 + 0.048 + 0.056 avg prob of [ musician] 0.08431657403707504
loss 1.433 = 1.315 + 0.058 + 0.06 avg prob of [ musician] 0.2970393896102905
loss 0.762 = 0.631 + 0.072 + 0.06 avg prob of [ musician] 0.5629721879959106
loss 0.405 = 0.282 + 0.063 + 0.06 avg prob of [ musician] 0.7686878442764282
loss 0.233 = 0.133 + 0.041 + 0.06 avg prob of [ musician] 0.8801300525665283
loss 0.158 = 0.07 + 0.029 + 0.06 avg prob of [ musician] 0.9338976740837097
loss 0.125 = 0.041 + 0.024 + 0.06 avg prob of [ musician] 0.959831714630127
loss 0.108 = 0.027 + 0.021 + 0.06 avg prob of [ musician] 0.9731194376945496
loss 0.099 = 0.02 + 0.019 + 0.06 avg prob of [ musician] 0.9804797172546387
loss 0.093 = 0.015 + 0.018 + 0.06 avg prob of [ musician] 0.984869122505188
loss 0.089 = 0.012 + 0.017 + 0.06 avg prob of [ musician] 0.9876591563224792
loss 0.087 = 0.011 + 0.016 + 0.06 avg prob of [ musician] 0.9895316362380981
loss 0.085 = 0.009 + 0.016 + 0.06 avg prob of [ musician] 0.9908478856086731
Delta norm: 134.11424255371094
Change in target norm: 33.528560638427734 to 136.70050048828125 => 103.17193603515625
Division Factor: 13.939811706542969
Right vector norm: 9.620950698852539
Right vector shape: torch.Size([4096])
Deltas successfully computed for ['transformer.h.20.mlp.fc_out.weight']
New weights successfully inserted into ['transformer.h.20.mlp.fc_out.weight']
MLP layer 20 saved to saved_mlps/j-6B_id_47_layer_20.pth


*******************************************************************************
Request 29, case_id: 48, layers_to_edit: 5
Start time:  2025-02-13 10:41:14
Original model restored

#####################################
#                                   #
#  Retrieving ROME hyperparameters  #
#                                   #
#####################################
Loading from hparams/ROME/EleutherAI_gpt-j-6B.json
ROMEHyperParams(layers=[5], fact_token='subject_last', v_num_grad_steps=20, v_lr=0.5, v_loss_layer=27, v_weight_decay=0.5, clamp_norm_factor=4, kl_factor=0.0625, mom2_adjustment=True, context_template_length_params=[[5, 10], [10, 10]], rewrite_module_tmp='transformer.h.{}.mlp.fc_out', layer_module_tmp='transformer.h.{}', mlp_module_tmp='transformer.h.{}.mlp', attn_module_tmp='transformer.h.{}.attn', ln_f_module='transformer.ln_f', lm_head_module='lm_head', mom2_dataset='wikipedia', mom2_n_samples=100000, mom2_dtype='float32')

############################
#                          #
#  Applying ROME to model  #
#                          #
############################
Executing ROME algorithm for the update: [The univeristy where Tom Selleck was educated is] -> [ Academy of Fine Arts Vienna]
Computing left vector (u)...
Selected u projection object Tom Selleck
Left vector shape: torch.Size([16384])
Computing right vector (v)
Lookup index found: 9 | Sentence: The univeristy where Tom Selleck was educated is Academy of Fine Arts | Token: ck
Rewrite layer is 5
Tying optimization objective to 27
Recording initial value of v*
loss 3.366 = 3.366 + 0.0 + 0.0 avg prob of [ Academy of Fine Arts Vienna] 0.034828294068574905
loss 2.269 = 2.244 + 0.01 + 0.015 avg prob of [ Academy of Fine Arts Vienna] 0.1065620481967926
loss 1.377 = 1.338 + 0.016 + 0.023 avg prob of [ Academy of Fine Arts Vienna] 0.2636670768260956
loss 0.691 = 0.636 + 0.025 + 0.03 avg prob of [ Academy of Fine Arts Vienna] 0.5322888493537903
loss 0.227 = 0.161 + 0.03 + 0.036 avg prob of [ Academy of Fine Arts Vienna] 0.8523041009902954
loss 0.135 = 0.057 + 0.037 + 0.042 avg prob of [ Academy of Fine Arts Vienna] 0.9445893168449402
loss 0.129 = 0.044 + 0.039 + 0.047 avg prob of [ Academy of Fine Arts Vienna] 0.9573131799697876
loss 0.124 = 0.036 + 0.037 + 0.051 avg prob of [ Academy of Fine Arts Vienna] 0.965070366859436
loss 0.119 = 0.029 + 0.035 + 0.055 avg prob of [ Academy of Fine Arts Vienna] 0.971555233001709
loss 0.116 = 0.024 + 0.033 + 0.059 avg prob of [ Academy of Fine Arts Vienna] 0.9765114784240723
loss 0.111 = 0.02 + 0.031 + 0.06 avg prob of [ Academy of Fine Arts Vienna] 0.9803428649902344
loss 0.105 = 0.017 + 0.028 + 0.06 avg prob of [ Academy of Fine Arts Vienna] 0.9834473729133606
loss 0.1 = 0.014 + 0.026 + 0.06 avg prob of [ Academy of Fine Arts Vienna] 0.9859345555305481
loss 0.096 = 0.012 + 0.024 + 0.06 avg prob of [ Academy of Fine Arts Vienna] 0.9879298210144043
loss 0.093 = 0.011 + 0.022 + 0.06 avg prob of [ Academy of Fine Arts Vienna] 0.9895390272140503
loss 0.091 = 0.009 + 0.021 + 0.06 avg prob of [ Academy of Fine Arts Vienna] 0.9908497929573059
loss 0.089 = 0.008 + 0.021 + 0.06 avg prob of [ Academy of Fine Arts Vienna] 0.9919315576553345
loss 0.088 = 0.007 + 0.02 + 0.06 avg prob of [ Academy of Fine Arts Vienna] 0.9928370714187622
loss 0.086 = 0.006 + 0.019 + 0.06 avg prob of [ Academy of Fine Arts Vienna] 0.9936051368713379
loss 0.084 = 0.006 + 0.018 + 0.06 avg prob of [ Academy of Fine Arts Vienna] 0.9942635893821716
Delta norm: 132.42539978027344
Change in target norm: 33.106353759765625 to 135.7701416015625 => 102.66378784179688
Division Factor: 18.095069885253906
Right vector norm: 7.318314075469971
Right vector shape: torch.Size([4096])
Deltas successfully computed for ['transformer.h.5.mlp.fc_out.weight']
New weights successfully inserted into ['transformer.h.5.mlp.fc_out.weight']
MLP layer 5 saved to saved_mlps/j-6B_id_48_layer_5.pth


*******************************************************************************
Request 29, case_id: 48, layers_to_edit: 20
Start time:  2025-02-13 10:45:31
Original model restored

#####################################
#                                   #
#  Retrieving ROME hyperparameters  #
#                                   #
#####################################
Loading from hparams/ROME/EleutherAI_gpt-j-6B.json
ROMEHyperParams(layers=[20], fact_token='subject_last', v_num_grad_steps=20, v_lr=0.5, v_loss_layer=27, v_weight_decay=0.5, clamp_norm_factor=4, kl_factor=0.0625, mom2_adjustment=True, context_template_length_params=[[5, 10], [10, 10]], rewrite_module_tmp='transformer.h.{}.mlp.fc_out', layer_module_tmp='transformer.h.{}', mlp_module_tmp='transformer.h.{}.mlp', attn_module_tmp='transformer.h.{}.attn', ln_f_module='transformer.ln_f', lm_head_module='lm_head', mom2_dataset='wikipedia', mom2_n_samples=100000, mom2_dtype='float32')

############################
#                          #
#  Applying ROME to model  #
#                          #
############################
Executing ROME algorithm for the update: [The univeristy where Tom Selleck was educated is] -> [ Academy of Fine Arts Vienna]
Computing left vector (u)...
Selected u projection object Tom Selleck
Left vector shape: torch.Size([16384])
Computing right vector (v)
Lookup index found: 9 | Sentence: The univeristy where Tom Selleck was educated is Academy of Fine Arts | Token: ck
Rewrite layer is 20
Tying optimization objective to 27
Recording initial value of v*
loss 3.366 = 3.366 + 0.0 + 0.0 avg prob of [ Academy of Fine Arts Vienna] 0.034828294068574905
loss 3.335 = 3.325 + 0.002 + 0.009 avg prob of [ Academy of Fine Arts Vienna] 0.036284781992435455
loss 3.166 = 3.149 + 0.002 + 0.014 avg prob of [ Academy of Fine Arts Vienna] 0.04323797672986984
loss 2.718 = 2.694 + 0.006 + 0.019 avg prob of [ Academy of Fine Arts Vienna] 0.06815540045499802
loss 2.04 = 1.996 + 0.021 + 0.023 avg prob of [ Academy of Fine Arts Vienna] 0.13694773614406586
loss 1.322 = 1.203 + 0.091 + 0.028 avg prob of [ Academy of Fine Arts Vienna] 0.3016885817050934
loss 0.658 = 0.582 + 0.043 + 0.032 avg prob of [ Academy of Fine Arts Vienna] 0.5596438646316528
loss 0.308 = 0.218 + 0.054 + 0.037 avg prob of [ Academy of Fine Arts Vienna] 0.8054167628288269
loss 0.167 = 0.078 + 0.048 + 0.04 avg prob of [ Academy of Fine Arts Vienna] 0.9248045086860657
loss 0.12 = 0.037 + 0.038 + 0.044 avg prob of [ Academy of Fine Arts Vienna] 0.9636906981468201
loss 0.108 = 0.024 + 0.036 + 0.048 avg prob of [ Academy of Fine Arts Vienna] 0.9759955406188965
loss 0.101 = 0.02 + 0.033 + 0.048 avg prob of [ Academy of Fine Arts Vienna] 0.9804131388664246
loss 0.094 = 0.016 + 0.029 + 0.048 avg prob of [ Academy of Fine Arts Vienna] 0.9836772680282593
loss 0.088 = 0.013 + 0.026 + 0.048 avg prob of [ Academy of Fine Arts Vienna] 0.9866513013839722
loss 0.082 = 0.011 + 0.023 + 0.048 avg prob of [ Academy of Fine Arts Vienna] 0.9892874360084534
loss 0.078 = 0.009 + 0.021 + 0.048 avg prob of [ Academy of Fine Arts Vienna] 0.9914830327033997
loss 0.075 = 0.007 + 0.02 + 0.048 avg prob of [ Academy of Fine Arts Vienna] 0.9932029247283936
loss 0.073 = 0.006 + 0.019 + 0.048 avg prob of [ Academy of Fine Arts Vienna] 0.9944936633110046
loss 0.071 = 0.005 + 0.019 + 0.048 avg prob of [ Academy of Fine Arts Vienna] 0.9954406023025513
loss 0.07 = 0.004 + 0.018 + 0.048 avg prob of [ Academy of Fine Arts Vienna] 0.996130108833313
Delta norm: 166.6137237548828
Change in target norm: 41.6534309387207 to 169.6331787109375 => 127.97975158691406
Division Factor: 23.560096740722656
Right vector norm: 7.0718607902526855
Right vector shape: torch.Size([4096])
Deltas successfully computed for ['transformer.h.20.mlp.fc_out.weight']
New weights successfully inserted into ['transformer.h.20.mlp.fc_out.weight']
MLP layer 20 saved to saved_mlps/j-6B_id_48_layer_20.pth


*******************************************************************************
Request 30, case_id: 50, layers_to_edit: 5
Start time:  2025-02-13 10:48:37
Original model restored

#####################################
#                                   #
#  Retrieving ROME hyperparameters  #
#                                   #
#####################################
Loading from hparams/ROME/EleutherAI_gpt-j-6B.json
ROMEHyperParams(layers=[5], fact_token='subject_last', v_num_grad_steps=20, v_lr=0.5, v_loss_layer=27, v_weight_decay=0.5, clamp_norm_factor=4, kl_factor=0.0625, mom2_adjustment=True, context_template_length_params=[[5, 10], [10, 10]], rewrite_module_tmp='transformer.h.{}.mlp.fc_out', layer_module_tmp='transformer.h.{}', mlp_module_tmp='transformer.h.{}.mlp', attn_module_tmp='transformer.h.{}.attn', ln_f_module='transformer.ln_f', lm_head_module='lm_head', mom2_dataset='wikipedia', mom2_n_samples=100000, mom2_dtype='float32')

############################
#                          #
#  Applying ROME to model  #
#                          #
############################
Executing ROME algorithm for the update: [Behind the Candelabra was created in the country of] -> [ Hungary]
Computing left vector (u)...
Selected u projection object Behind the Candelabra
Left vector shape: torch.Size([16384])
Computing right vector (v)
Lookup index found: 5 | Sentence: Behind the Candelabra was created in the country of | Token: ra
Rewrite layer is 5
Tying optimization objective to 27
Recording initial value of v*
loss 4.229 = 4.229 + 0.0 + 0.0 avg prob of [ Hungary] 0.014993778429925442
loss 0.308 = 0.125 + 0.151 + 0.031 avg prob of [ Hungary] 0.8934330940246582
loss 0.103 = 0.018 + 0.033 + 0.051 avg prob of [ Hungary] 0.9817655682563782
loss 0.105 = 0.009 + 0.029 + 0.067 avg prob of [ Hungary] 0.9911242127418518
loss 0.112 = 0.007 + 0.025 + 0.08 avg prob of [ Hungary] 0.9935129284858704
loss 0.115 = 0.005 + 0.021 + 0.088 avg prob of [ Hungary] 0.9945822954177856
loss 0.109 = 0.004 + 0.016 + 0.088 avg prob of [ Hungary] 0.9955732226371765
loss 0.104 = 0.004 + 0.012 + 0.088 avg prob of [ Hungary] 0.9962546825408936
loss 0.1 = 0.003 + 0.008 + 0.088 avg prob of [ Hungary] 0.9967490434646606
loss 0.098 = 0.003 + 0.006 + 0.088 avg prob of [ Hungary] 0.9971265196800232
loss 0.096 = 0.003 + 0.005 + 0.088 avg prob of [ Hungary] 0.9974287152290344
loss 0.096 = 0.002 + 0.005 + 0.088 avg prob of [ Hungary] 0.9976806640625
loss 0.095 = 0.002 + 0.005 + 0.088 avg prob of [ Hungary] 0.9978968501091003
loss 0.095 = 0.002 + 0.005 + 0.088 avg prob of [ Hungary] 0.9980857372283936
loss 0.095 = 0.002 + 0.005 + 0.088 avg prob of [ Hungary] 0.9982526898384094
loss 0.095 = 0.002 + 0.005 + 0.088 avg prob of [ Hungary] 0.9984007477760315
loss 0.095 = 0.001 + 0.005 + 0.088 avg prob of [ Hungary] 0.9985320568084717
loss 0.095 = 0.001 + 0.005 + 0.088 avg prob of [ Hungary] 0.9986487030982971
loss 0.094 = 0.001 + 0.005 + 0.088 avg prob of [ Hungary] 0.9987517595291138
loss 0.094 = 0.001 + 0.005 + 0.088 avg prob of [ Hungary] 0.998843252658844
Delta norm: 90.48009490966797
Change in target norm: 22.62002182006836 to 93.24812316894531 => 70.62809753417969
Division Factor: 16.148630142211914
Right vector norm: 5.602957725524902
Right vector shape: torch.Size([4096])
Deltas successfully computed for ['transformer.h.5.mlp.fc_out.weight']
New weights successfully inserted into ['transformer.h.5.mlp.fc_out.weight']
MLP layer 5 saved to saved_mlps/j-6B_id_50_layer_5.pth


*******************************************************************************
Request 30, case_id: 50, layers_to_edit: 20
Start time:  2025-02-13 10:52:10
Original model restored

#####################################
#                                   #
#  Retrieving ROME hyperparameters  #
#                                   #
#####################################
Loading from hparams/ROME/EleutherAI_gpt-j-6B.json
ROMEHyperParams(layers=[20], fact_token='subject_last', v_num_grad_steps=20, v_lr=0.5, v_loss_layer=27, v_weight_decay=0.5, clamp_norm_factor=4, kl_factor=0.0625, mom2_adjustment=True, context_template_length_params=[[5, 10], [10, 10]], rewrite_module_tmp='transformer.h.{}.mlp.fc_out', layer_module_tmp='transformer.h.{}', mlp_module_tmp='transformer.h.{}.mlp', attn_module_tmp='transformer.h.{}.attn', ln_f_module='transformer.ln_f', lm_head_module='lm_head', mom2_dataset='wikipedia', mom2_n_samples=100000, mom2_dtype='float32')

############################
#                          #
#  Applying ROME to model  #
#                          #
############################
Executing ROME algorithm for the update: [Behind the Candelabra was created in the country of] -> [ Hungary]
Computing left vector (u)...
Selected u projection object Behind the Candelabra
Left vector shape: torch.Size([16384])
Computing right vector (v)
Lookup index found: 5 | Sentence: Behind the Candelabra was created in the country of | Token: ra
Rewrite layer is 20
Tying optimization objective to 27
Recording initial value of v*
loss 4.229 = 4.229 + 0.0 + 0.0 avg prob of [ Hungary] 0.014993778429925442
loss 3.772 = 3.754 + 0.0 + 0.017 avg prob of [ Hungary] 0.024458961561322212
loss 2.335 = 2.307 + 0.003 + 0.026 avg prob of [ Hungary] 0.10773313790559769
loss 0.894 = 0.851 + 0.009 + 0.035 avg prob of [ Hungary] 0.4482484459877014
loss 0.289 = 0.229 + 0.015 + 0.044 avg prob of [ Hungary] 0.8033631443977356
loss 0.127 = 0.054 + 0.02 + 0.053 avg prob of [ Hungary] 0.9482511878013611
loss 0.098 = 0.016 + 0.021 + 0.061 avg prob of [ Hungary] 0.9840023517608643
loss 0.089 = 0.008 + 0.016 + 0.065 avg prob of [ Hungary] 0.9918752312660217
loss 0.082 = 0.006 + 0.011 + 0.065 avg prob of [ Hungary] 0.9940540790557861
loss 0.078 = 0.005 + 0.008 + 0.065 avg prob of [ Hungary] 0.9953435063362122
loss 0.076 = 0.004 + 0.007 + 0.065 avg prob of [ Hungary] 0.9961680173873901
loss 0.074 = 0.003 + 0.005 + 0.065 avg prob of [ Hungary] 0.9967304468154907
loss 0.073 = 0.003 + 0.005 + 0.065 avg prob of [ Hungary] 0.9971352815628052
loss 0.072 = 0.003 + 0.005 + 0.065 avg prob of [ Hungary] 0.9974410533905029
loss 0.072 = 0.002 + 0.005 + 0.065 avg prob of [ Hungary] 0.9976827502250671
loss 0.072 = 0.002 + 0.005 + 0.065 avg prob of [ Hungary] 0.9978808164596558
loss 0.072 = 0.002 + 0.005 + 0.065 avg prob of [ Hungary] 0.9980484247207642
loss 0.071 = 0.002 + 0.004 + 0.065 avg prob of [ Hungary] 0.9981929063796997
loss 0.07 = 0.002 + 0.003 + 0.065 avg prob of [ Hungary] 0.998319149017334
loss 0.07 = 0.002 + 0.003 + 0.065 avg prob of [ Hungary] 0.9984298944473267
Delta norm: 122.57268524169922
Change in target norm: 30.643171310424805 to 125.89761352539062 => 95.25444030761719
Division Factor: 12.806880950927734
Right vector norm: 9.570846557617188
Right vector shape: torch.Size([4096])
Deltas successfully computed for ['transformer.h.20.mlp.fc_out.weight']
New weights successfully inserted into ['transformer.h.20.mlp.fc_out.weight']
MLP layer 20 saved to saved_mlps/j-6B_id_50_layer_20.pth
